timestamp,simulation_time,position_x,position_y,position_z,velocity_x,velocity_y,velocity_z,attitude_roll,attitude_pitch,attitude_yaw,control_throttle,control_roll,control_pitch,control_yaw,flight_mode
1761592502.0873206,0.10352826118469238,0.0,0.0,-0.0,0.0,0.0,-0.0,0.0,0.0,0.0,0.0,0.0,0.0,0.0,manual
1761592502.2381256,0.2543332576751709,0.0,0.0,-0.0,0.0,0.0,-0.0,0.0,0.0,0.0,0.0,0.0,0.0,0.0,manual
1761592502.3403955,0.35660314559936523,0.0,0.0,-0.0,0.0,0.0,-0.0,0.0,0.0,0.0,0.0,0.0,0.0,0.0,manual
1761592502.443995,0.460202693939209,0.0,0.0,-0.0,0.0,0.0,-0.0,0.0,0.0,0.0,0.0,0.0,0.0,0.0,manual
1761592502.5498762,0.5660839080810547,0.0,0.0,-0.0,0.0,0.0,-0.0,0.0,0.0,0.0,0.0,0.0,0.0,0.0,manual
1761592502.6567147,0.6729223728179932,0.0,0.0,-0.0,0.0,0.0,-0.0,0.0,0.0,0.0,0.0,0.0,0.0,0.0,manual
1761592502.7599685,0.7761762142181396,0.0,0.0,-0.0,0.0,0.0,-0.0,0.0,0.0,0.0,0.0,0.0,0.0,0.0,manual
1761592502.862728,0.8789358139038086,0.0,0.0,-0.0,0.0,0.0,-0.0,0.0,0.0,0.0,0.0,0.0,0.0,0.0,manual
1761592502.9695652,0.9857728481292725,0.0,0.0,-0.0,0.0,0.0,-0.0,0.0,0.0,0.0,0.0,0.0,0.0,0.0,manual
1761592503.0741217,1.0903294086456299,0.0,0.0,-0.0,0.0,0.0,-0.0,0.0,0.0,0.0,0.0,0.0,0.0,0.0,manual
1761592503.1806443,1.1968519687652588,0.0,0.0,-0.0,0.0,0.0,-0.0,0.0,0.0,0.0,0.0,0.0,0.0,0.0,manual
1761592503.2844288,1.3006365299224854,0.0,0.0,-0.0,0.0,0.0,-0.0,0.0,0.0,0.0,0.0,0.0,0.0,0.0,manual
1761592503.3881445,1.4043521881103516,0.0,0.0,-0.0,0.0,0.0,-0.0,0.0,0.0,0.0,0.0,0.0,0.0,0.0,manual
1761592503.4934042,1.5096118450164795,0.0,0.0,-0.0,0.0,0.0,-0.0,0.0,0.0,0.0,0.0,0.0,0.0,0.0,manual
1761592503.5979378,1.6141455173492432,0.0,0.0,-0.0,0.0,0.0,-0.0,0.0,0.0,0.0,0.0,0.0,0.0,0.0,manual
1761592503.703004,1.7192115783691406,0.0,0.0,0.00596565554104427,0.0,0.0,0.37611290708241807,0.0,0.0,0.0,0.9,0.0,0.0,0.0,stabilize
1761592503.8098955,1.8261032104492188,0.0,0.0,0.094075748982811,0.0,0.0,0.9543398286353628,0.0,0.0,0.0,0.49676718586562885,0.0,0.0,0.0,stabilize
1761592503.9151354,1.9313430786132812,0.0,0.0,0.19570446203386807,0.0,0.0,0.9693798037848799,0.0,0.0,0.0,0.4,0.0,0.0,0.0,stabilize
1761592504.0228927,2.039100408554077,0.0,0.0,0.3016482836645068,0.0,0.0,0.9812370474530095,0.0,0.0,0.0,0.4,0.0,0.0,0.0,stabilize
1761592504.1289759,2.145183563232422,0.0,0.0,0.4059125011216546,0.0,0.0,0.9836669000987398,0.0,0.0,0.0,0.48033052087490785,0.0,0.0,0.0,stabilize
1761592504.234089,2.2502965927124023,0.0,0.0,0.5080051382513969,0.0,0.0,0.9621972558947224,0.0,0.0,0.0,0.4,0.0,0.0,0.0,stabilize
1761592504.3412454,2.3574531078338623,0.0,0.0,0.6097162427519325,0.0,0.0,0.9353184109092785,0.0,0.0,0.0,0.4337583726447612,0.0,0.0,0.0,stabilize
1761592504.4464152,2.462622880935669,0.0,0.0,0.7064750676725523,0.0,0.0,0.9011978518672418,0.0,0.0,0.0,0.4,0.0,0.0,0.0,stabilize
1761592504.5533006,2.5695083141326904,0.0,0.0,0.8011497325102913,0.0,0.0,0.862579345377437,0.0,0.0,0.0,0.40280363190310037,0.0,0.0,0.0,stabilize
1761592504.6548846,2.6710922718048096,0.0,0.0,0.8874996910587416,0.0,0.0,0.8272219287231038,0.0,0.0,0.0,0.4,0.0,0.0,0.0,stabilize
1761592504.7606852,2.776892900466919,0.0,0.0,0.9731752446751771,0.0,0.0,0.7881154861284692,0.0,0.0,0.0,0.42105985352353903,0.0,0.0,0.0,stabilize
1761592504.8650594,2.8812670707702637,0.0,0.0,1.0533416661691197,0.0,0.0,0.7464532715742244,0.0,0.0,0.0,0.4,0.0,0.0,0.0,stabilize
1761592504.9718235,2.9880311489105225,0.0,0.0,1.1307752757231935,0.0,0.0,0.7018063761999214,0.0,0.0,0.0,0.4112524454364332,0.0,0.0,0.0,stabilize
1761592505.0787654,3.094973087310791,0.0,0.0,1.2038255178050727,0.0,0.0,0.6588171030906823,0.0,0.0,0.0,0.4,0.0,0.0,0.0,stabilize
1761592505.1842437,3.200451374053955,0.0,0.0,1.2714704312131777,0.0,0.0,0.6172201535627225,0.0,0.0,0.0,0.4,0.0,0.0,0.0,stabilize
1761592505.288016,3.3042237758636475,0.0,0.0,1.3339775676963115,0.0,0.0,0.5846936153359189,0.0,0.0,0.0,0.44015191882660293,0.0,0.0,0.0,stabilize
1761592505.3931344,3.409342050552368,0.0,0.0,1.3932558090469926,0.0,0.0,0.5421894662602816,0.0,0.0,0.0,0.4,0.0,0.0,0.0,stabilize
1761592505.4987876,3.5149953365325928,0.0,0.0,1.4488986119010072,0.0,0.0,0.5079596720852495,0.0,0.0,0.0,0.4,0.0,0.0,0.0,stabilize
1761592505.6037183,3.6199259757995605,0.0,0.0,1.5003609356181118,0.0,0.0,0.47565728353541087,0.0,0.0,0.0,0.4475962389511585,0.0,0.0,0.0,stabilize
1761592505.7072148,3.7234225273132324,0.0,0.0,1.5476163068796345,0.0,0.0,0.439009548840004,0.0,0.0,0.0,0.4240450437936065,0.0,0.0,0.0,stabilize
1761592505.8114195,3.827627182006836,0.0,0.0,1.5917684491500146,0.0,0.0,0.4060265434966211,0.0,0.0,0.0,0.41739364745287,0.0,0.0,0.0,stabilize
1761592505.9150841,3.9312918186187744,0.0,0.0,1.632498263342651,0.0,0.0,0.37685577166696516,0.0,0.0,0.0,0.423778394838535,0.0,0.0,0.0,stabilize
1761592506.0192678,4.035475492477417,0.0,0.0,1.6704590742293366,0.0,0.0,0.3492728045691351,0.0,0.0,0.0,0.4,0.0,0.0,0.0,stabilize
1761592506.1242719,4.140479564666748,0.0,0.0,1.705889563323835,0.0,0.0,0.32505112262790287,0.0,0.0,0.0,0.44043914720577804,0.0,0.0,0.0,stabilize
1761592506.2290685,4.245276212692261,0.0,0.0,1.7386468565742534,0.0,0.0,0.2961037868079492,0.0,0.0,0.0,0.4,0.0,0.0,0.0,stabilize
1761592506.331952,4.3481597900390625,0.0,0.0,1.768494404675607,0.0,0.0,0.27473954912501003,0.0,0.0,0.0,0.4,0.0,0.0,0.0,stabilize
1761592506.440772,4.456979751586914,0.0,0.0,1.7975149659689134,0.0,0.0,0.2519553745270624,0.0,0.0,0.0,0.41226674228426813,0.0,0.0,0.0,stabilize
1761592506.5451894,4.561397075653076,0.0,0.0,1.8232711420360286,0.0,0.0,0.23615925190346387,0.0,0.0,0.0,0.4,0.0,0.0,0.0,stabilize
1761592506.650098,4.666305780410767,0.0,0.0,1.8469993880196975,0.0,0.0,0.21659154642831305,0.0,0.0,0.0,0.4,0.0,0.0,0.0,stabilize
1761592506.7537591,4.7699668407440186,0.0,0.0,1.8688212789875753,0.0,0.0,0.19965154474393462,0.0,0.0,0.0,0.4,0.0,0.0,0.0,stabilize
1761592506.8599014,4.8761091232299805,0.0,0.0,1.8891594106780907,0.0,0.0,0.18607165360555425,0.0,0.0,0.0,0.4570251770683511,0.0,0.0,0.0,stabilize
1761592506.9644277,4.980635404586792,0.0,0.0,1.907653891571227,0.0,0.0,0.16986114493825138,0.0,0.0,0.0,0.4437740241282757,0.0,0.0,0.0,stabilize
1761592507.068764,5.08497166633606,0.0,0.0,1.9246069030398232,0.0,0.0,0.15712370379229584,0.0,0.0,0.0,0.4509446633080433,0.0,0.0,0.0,stabilize
1761592507.1735954,5.189803123474121,0.0,0.0,1.9402444320334977,0.0,0.0,0.13899639052257487,0.0,0.0,0.0,0.4,0.0,0.0,0.0,stabilize
1761592507.279438,5.295645713806152,0.0,0.0,1.9547978899822205,0.0,0.0,0.13036435359105142,0.0,0.0,0.0,0.4,0.0,0.0,0.0,stabilize
1761592507.384089,5.400296688079834,0.0,0.0,1.9678502536478324,0.0,0.0,0.12737697898212713,0.0,0.0,0.0,0.49975696942275744,0.0,0.0,0.0,stabilize
1761592507.489321,5.505528688430786,0.0,0.0,1.9798638989988548,0.0,0.0,0.10567849545984026,0.0,0.0,0.0,0.422510355607412,0.0,0.0,0.0,stabilize
1761592507.5906858,5.606893539428711,0.0,0.0,1.990420404443857,0.0,0.0,0.10541918906147767,0.0,0.0,0.0,0.4851098684736739,0.0,0.0,0.0,stabilize
1761592507.6953294,5.71153712272644,0.0,0.0,2.000431979521039,0.0,0.0,0.08932058965561562,0.0,0.0,0.0,0.4,0.0,0.0,0.0,stabilize
1761592507.8019364,5.818144083023071,0.0,0.0,2.0097295768059995,0.0,0.0,0.08126787429695201,0.0,0.0,0.0,0.43105337081559303,0.0,0.0,0.0,stabilize
1761592507.9076939,5.923901557922363,0.0,0.0,2.018123108184687,0.0,0.0,0.07365675098342811,0.0,0.0,0.0,0.42866025515829775,0.0,0.0,0.0,stabilize
1761592508.0139177,6.030125379562378,0.0,0.0,2.0258462426784467,0.0,0.0,0.06289509139000762,0.0,0.0,0.0,0.4,0.0,0.0,0.0,stabilize
1761592508.1182215,6.134429216384888,0.0,0.0,2.0327654560776702,0.0,0.0,0.05738594241188177,0.0,0.0,0.0,0.4,0.0,0.0,0.0,stabilize
1761592508.223217,6.239424705505371,0.0,0.0,2.0392129602768985,0.0,0.0,0.06390011453778108,0.0,0.0,0.0,0.4837245503652507,0.0,0.0,0.0,stabilize
1761592508.330147,6.346354722976685,0.0,0.0,2.045239570273443,0.0,0.0,0.06187680266425789,0.0,0.0,0.0,0.5033573062455542,0.0,0.0,0.0,stabilize
1761592508.4351397,6.451347351074219,0.0,0.0,2.050661109710447,0.0,0.0,0.04438139116633166,0.0,0.0,0.0,0.4,0.0,0.0,0.0,stabilize
1761592508.5409842,6.557191848754883,0.0,0.0,2.0555061176569556,0.0,0.0,0.04003805994225131,0.0,0.0,0.0,0.42465379557436667,0.0,0.0,0.0,stabilize
1761592508.6516454,6.667853116989136,0.0,0.0,2.0599160827661227,0.0,0.0,0.03283777838867624,0.0,0.0,0.0,0.4125481669437099,0.0,0.0,0.0,stabilize
1761592508.7563593,6.7725670337677,0.0,0.0,2.063792342055204,0.0,0.0,0.037729222284802834,0.0,0.0,0.0,0.4676758433319529,0.0,0.0,0.0,stabilize
1761592508.8574343,6.8736419677734375,0.0,0.0,2.0677257914894347,0.0,0.0,0.035180837378245795,0.0,0.0,0.0,0.4,0.0,0.0,0.0,stabilize
1761592508.9607131,6.97692084312439,0.0,0.0,2.071195468633704,0.0,0.0,0.02740553071772117,0.0,0.0,0.0,0.4179766042399916,0.0,0.0,0.0,stabilize
1761592509.0633166,7.079524278640747,0.0,0.0,2.074246563023439,0.0,0.0,0.023607004999898814,0.0,0.0,0.0,0.4,0.0,0.0,0.0,stabilize
1761592509.1657581,7.1819658279418945,0.0,0.0,2.0770024302236543,0.0,0.0,0.03435995443957852,0.0,0.0,0.0,0.512389511900408,0.0,0.0,0.0,stabilize
1761592509.2690737,7.285281419754028,0.0,0.0,2.0794741227786235,0.0,0.0,0.015329900847079702,0.0,0.0,0.0,0.41348102990268815,0.0,0.0,0.0,stabilize
1761592509.3727767,7.388984441757202,0.0,0.0,2.082017857241767,0.0,0.0,0.023517934411234682,0.0,0.0,0.0,0.4669143614431113,0.0,0.0,0.0,stabilize
1761592509.4779265,7.494134187698364,0.0,0.0,2.0841304588345944,0.0,0.0,0.01980714370320563,0.0,0.0,0.0,0.4,0.0,0.0,0.0,stabilize
1761592509.5824013,7.59860897064209,0.0,0.0,2.0860540075005463,0.0,0.0,0.019861586382784128,0.0,0.0,0.0,0.4653643153856211,0.0,0.0,0.0,stabilize
1761592509.6877468,7.703954458236694,0.0,0.0,2.087775209764731,0.0,0.0,0.00945118990277746,0.0,0.0,0.0,0.40587311183690167,0.0,0.0,0.0,stabilize
1761592509.7929037,7.8091113567352295,0.0,0.0,2.0892455342308307,0.0,0.0,0.02049613077179344,0.0,0.0,0.0,0.503483622019547,0.0,0.0,0.0,stabilize
1761592509.8987024,7.914910078048706,0.0,0.0,2.090466109545708,0.0,0.0,0.020308070824354714,0.0,0.0,0.0,0.5161032036916502,0.0,0.0,0.0,stabilize
1761592510.0021086,8.018316268920898,0.0,0.0,2.0916227535717566,0.0,0.0,0.008097627842233635,0.0,0.0,0.0,0.4,0.0,0.0,0.0,stabilize
1761592510.1050186,8.12122631072998,0.0,0.0,2.0924618802848407,0.0,0.0,0.012253334964593734,0.0,0.0,0.0,0.4,0.0,0.0,0.0,stabilize
1761592510.2097657,8.22597336769104,0.0,0.0,2.0933393011905044,0.0,0.0,0.01532860989404011,0.0,0.0,0.0,0.502645594132116,0.0,0.0,0.0,stabilize
1761592510.3141034,8.330311059951782,0.0,0.0,2.094084041847396,0.0,0.0,0.010952276688977762,0.0,0.0,0.0,0.48363631545478614,0.0,0.0,0.0,stabilize
1761592510.4192092,8.43541693687439,0.0,0.0,2.0946753218497567,0.0,0.0,-0.0010374960906145815,0.0,0.0,0.0,0.4078914204263193,0.0,0.0,0.0,stabilize
1761592510.5229883,8.539196014404297,0.0,0.0,2.095135286164519,0.0,0.0,-0.001765264594233951,0.0,0.0,0.0,0.4,0.0,0.0,0.0,stabilize
1761592510.6251717,8.641379356384277,0.0,0.0,2.0954637668446763,0.0,0.0,0.007524956301291277,0.0,0.0,0.0,0.48546686006735773,0.0,0.0,0.0,stabilize
1761592510.7295616,8.745769262313843,0.0,0.0,2.095634029251294,0.0,0.0,0.004086171830853595,0.0,0.0,0.0,0.47283023438245075,0.0,0.0,0.0,stabilize
1761592510.834856,8.85106372833252,0.0,0.0,2.095612194753694,0.0,0.0,-0.005890795433610783,0.0,0.0,0.0,0.4,0.0,0.0,0.0,stabilize
1761592510.938552,8.95475959777832,0.0,0.0,2.095479686428595,0.0,0.0,0.005106349890377499,0.0,0.0,0.0,0.4983779686311451,0.0,0.0,0.0,stabilize
1761592511.0437005,9.059908151626587,0.0,0.0,2.095220415257971,0.0,0.0,-0.004285884075546074,0.0,0.0,0.0,0.438301783886376,0.0,0.0,0.0,stabilize
1761592511.1483898,9.164597511291504,0.0,0.0,2.094917261738307,0.0,0.0,-0.006954206251501712,0.0,0.0,0.0,0.4211493919635437,0.0,0.0,0.0,stabilize
1761592511.2520602,9.26826786994934,0.0,0.0,2.0945271027191756,0.0,0.0,-0.0111588653229206,0.0,0.0,0.0,0.4,0.0,0.0,0.0,stabilize
1761592511.3565392,9.37274694442749,0.0,0.0,2.0942769430282158,0.0,0.0,0.00011750161228050483,0.0,0.0,0.0,0.4,0.0,0.0,0.0,stabilize
1761592511.4584537,9.474661350250244,0.0,0.0,2.0939555155281733,0.0,0.0,-0.006050001679099824,0.0,0.0,0.0,0.44109436887141545,0.0,0.0,0.0,stabilize
1761592511.5691504,9.585358142852783,0.0,0.0,2.0932221877494244,0.0,0.0,-0.008479238786449213,0.0,0.0,0.0,0.4,0.0,0.0,0.0,stabilize
1761592511.6729085,9.68911623954773,0.0,0.0,2.092443142223383,0.0,0.0,-0.0012267621388058932,0.0,0.0,0.0,0.4910209393490879,0.0,0.0,0.0,stabilize
1761592511.778481,9.794688701629639,0.0,0.0,2.091527584147661,0.0,0.0,-0.015988045223495142,0.0,0.0,0.0,0.4,0.0,0.0,0.0,stabilize
1761592511.8806198,9.896827459335327,0.0,0.0,2.0916625874305192,0.0,0.0,-0.005420871465033146,0.0,0.0,0.0,0.43836346891899736,0.0,0.0,0.0,stabilize
1761592511.9881399,10.004347562789917,0.0,0.0,2.0912627000611286,0.0,0.0,-0.011352590667452258,0.0,0.0,0.0,0.4,0.0,0.0,0.0,stabilize
1761592512.1236982,10.13990592956543,0.0,0.0,2.0888888298153985,0.0,0.0,-0.061619961646740946,0.0,0.0,0.0,0.40361571505395466,0.0,0.0,0.0,stabilize
1761592512.2345846,10.250792264938354,0.0,0.0,2.0922097863152564,0.0,0.0,0.016290971021977657,0.0,0.0,0.0,0.49586390878045883,0.0,0.0,0.0,stabilize
1761592512.345054,10.36126160621643,0.0,0.0,2.0930273752288615,0.0,0.0,0.0052392938871567984,0.0,0.0,0.0,0.4,0.0,0.0,0.0,stabilize
1761592512.4563282,10.472535848617554,1.6116933884533002e-06,0.0,2.0941564508059467,0.0005221947241084822,0.0,0.11745292348063846,0.0,-0.006579320215127885,0.0,0.9,0.0,-0.2,0.0,auto
1761592512.5624456,10.578653335571289,0.009069670756004195,0.0,2.164991963454389,0.2341688299718208,0.0,1.1025609756225854,0.0,-0.24653636956460714,0.0,0.4,0.0,-0.2,0.0,auto
1761592512.672227,10.688434600830078,0.055307327279983824,0.0,2.2913921434328497,0.6117239460576951,0.0,1.1946176951843,0.0,-0.26713677826670085,0.0,0.4,0.0,0.2,0.0,auto
1761592512.7772982,10.793505907058716,0.13165358071566582,0.0,2.4215819594746844,0.829785387928682,0.0,1.287201266365886,0.0,-0.20947882785085117,0.0,0.6018412638113312,0.0,0.05383547871918282,0.0,auto
1761592512.8810747,10.897282361984253,0.22729301881989705,0.0,2.5557091440521473,1.0001965836170512,0.0,1.3038717238058137,0.0,-0.17150243804207524,0.0,0.4483615888238477,0.0,-0.06278861044760092,0.0,auto
1761592512.9864097,11.002617359161377,0.34159109036213475,0.0,2.6943064522303204,1.1513523652100088,0.0,1.317408879211365,0.0,-0.13060721291944075,0.0,0.4270318481672605,0.0,-0.15846184466433091,0.0,auto
1761592513.0943372,11.110544919967651,0.4736580765290593,0.0,2.8364810195570347,1.2813443993336158,0.0,1.3135429032621082,0.0,-0.09948705491322794,0.0,0.4,0.0,-0.15551458390944484,0.0,auto
1761592513.1980498,11.21425747871399,0.6123218013571092,0.0,2.971527985679976,1.3860753351539443,0.0,1.290315899884285,0.0,-0.08142017934380268,0.0,0.4354321111327421,0.0,-0.12913801509650036,0.0,auto
1761592513.3021355,11.318343162536621,0.7612829163190268,0.0,3.1041433115254033,1.4748360483308753,0.0,1.2541198191313188,0.0,-0.07245313375209443,0.0,0.41575784619480477,0.0,-0.05713934097962176,0.0,auto
1761592513.408683,11.424890756607056,0.9223362861528689,0.0,3.2357917610177673,1.5504179059560126,0.0,1.2162115995902545,0.0,-0.06713277562053138,0.0,0.4557349681634387,0.0,-0.009929930266885639,0.0,auto
1761592513.5136974,11.529905080795288,1.088181911219032,0.0,3.3608307228225605,1.6122892180756951,0.0,1.1644131123334256,0.0,-0.06784153971149769,0.0,0.4,0.0,0.05685900779991816,0.0,auto
1761592513.618237,11.63444471359253,1.259215330120023,0.0,3.480194558174882,1.6633601655562176,0.0,1.1176311493361801,0.0,-0.05958874591154909,0.0,0.4,0.0,0.2,0.0,auto
1761592513.7237358,11.739943504333496,1.4348815418663117,0.0,3.595197369540267,1.6676819449072493,0.0,1.0619553878243542,0.0,-0.046288767752009824,0.0,0.40079536116729275,0.0,0.16692218274986387,0.0,auto
1761592513.8312633,11.847470998764038,1.6142705848457835,0.0,3.706427346663671,1.659869635044486,0.0,1.0036548606875286,0.0,-0.01401364648293962,0.0,0.4,0.0,-0.09110822288777917,0.0,auto
1761592513.9370816,11.953289270401001,1.7902532575288923,0.0,3.8099936373039816,1.655568229351092,0.0,0.9492136034618383,0.0,0.006000613530650693,0.0,0.4,0.0,-0.0893118732791131,0.0,auto
1761592514.043125,12.059332609176636,1.9657343987751161,0.0,3.9077365633347583,1.6470498994228653,0.0,0.8985718808567056,0.0,0.023123226756989943,0.0,0.4415611068598813,0.0,-0.15617573992724287,0.0,auto
1761592514.1493828,12.165590524673462,2.1401404790686254,0.0,3.9997704266695546,1.6365245442469776,0.0,0.8418180565962381,0.0,0.021924924807023027,0.0,0.4494134063250338,0.0,-0.03417661649925688,0.0,auto
1761592514.2548056,12.271013259887695,2.3113612680828495,0.0,4.085338553235032,1.6199596187468275,0.0,0.7841498011550604,0.0,0.004168465126676771,0.0,0.4,0.0,0.11011524194895728,0.0,auto
1761592514.3588042,12.375011920928955,2.4782069448653927,0.0,4.164366982786576,1.595315130097234,0.0,0.7352329351408267,0.0,-0.0041172693228577716,0.0,0.42285645091639,0.0,0.11545810063071313,0.0,auto
1761592514.4628828,12.479090452194214,2.642899968053518,0.0,4.238204810777086,1.570284051525787,0.0,0.6818141752072624,0.0,-0.002952369493692544,0.0,0.4,0.0,0.032297885438909935,0.0,auto
1761592514.5748758,12.591083526611328,2.8158216918541816,0.0,4.3116089069897185,1.5431180573713925,0.0,0.641542032420219,0.0,-0.007278980521446595,0.0,0.4312650846719521,0.0,-0.15247063168874125,0.0,auto
1761592514.6795974,12.695805072784424,2.9779596348062127,0.0,4.376875557836295,1.5111127813080152,0.0,0.5922174103641459,0.0,0.01900999359023726,0.0,0.4,0.0,-0.12044302058390868,0.0,auto
1761592514.7835104,12.799718141555786,3.1343966589398216,0.0,4.436415345668557,1.4893561464503673,0.0,0.5524601308205476,0.0,0.03800317602165484,0.0,0.4,0.0,-0.1743212855451128,0.0,auto
1761592514.887612,12.903819799423218,3.288416498725947,0.0,4.491754669536711,1.4671453563347292,0.0,0.5127131443901598,0.0,0.043230162095449526,0.0,0.42904166599229276,0.0,-0.11603867003456916,0.0,auto
1761592514.9933226,13.009530305862427,3.441842401356629,0.0,4.54386532292967,1.4400784866953824,0.0,0.4772833721307367,0.0,0.03632761032495846,0.0,0.4574098363075167,0.0,-0.021351437216237747,0.0,auto
1761592515.0977893,13.113996982574463,3.5896580389773973,0.0,4.5912570707186955,1.4113869991377757,0.0,0.43549236670729863,0.0,0.019103417746789635,0.0,0.4120605645899769,0.0,0.05190021723251198,0.0,auto
1761592515.2026088,13.21881651878357,3.736435416586741,0.0,4.635661580249474,1.3815998264751896,0.0,0.4071212232553431,0.0,0.013390933222780739,0.0,0.4,0.0,0.12258225764649536,0.0,auto
1761592515.3093114,13.32551908493042,3.8819911612476465,0.0,4.677205014767675,1.3492945306317492,0.0,0.3702167460945159,0.0,0.02614651881963856,0.0,0.4104894851912144,0.0,0.08248633839530872,0.0,auto
1761592515.4150114,13.431219100952148,4.022787963183534,0.0,4.715023719053364,1.3208121121186809,0.0,0.3412169929235232,0.0,0.020506654296906596,0.0,0.4,0.0,0.07100256291086204,0.0,auto
1761592515.5204532,13.53666090965271,4.160316822079765,0.0,4.749813996727193,1.2932788700906113,0.0,0.31348222602587233,0.0,0.01558123053438173,0.0,0.4143255797943262,0.0,0.06948301266119432,0.0,auto
1761592515.6248262,13.64103388786316,4.29354404558288,0.0,4.781471516568352,1.2634538556164292,0.0,0.2880055293193268,0.0,0.009407955043014761,0.0,0.4,0.0,0.08552484901552407,0.0,auto
1761592515.7287133,13.7449209690094,4.423329339749407,0.0,4.8104204069828125,1.2354262691772318,0.0,0.26193407461977447,0.0,0.011837161138522116,0.0,0.4,0.0,0.0030686859992208786,0.0,auto
1761592515.8347204,13.85092806816101,4.5529504083886865,0.0,4.83766804145635,1.2071127896132237,0.0,0.24184754623614496,0.0,0.018186033975382605,0.0,0.4101179168707601,0.0,-0.03623470987627439,0.0,auto
1761592515.9402034,13.956411123275757,4.679013768198755,0.0,4.862540698034445,1.1811513342175064,0.0,0.22324876263921864,0.0,0.021493023890687402,0.0,0.4,0.0,-0.032969692614663815,0.0,auto
1761592516.047793,14.064000606536865,4.804752987639756,0.0,4.885771788361354,1.1544642812641945,0.0,0.21147835690189506,0.0,0.022938169166148013,0.0,0.4761268032496916,0.0,-0.02054156387765321,0.0,auto
1761592516.155106,14.171313762664795,4.927237418141363,0.0,4.906841025062132,1.1251730699457758,0.0,0.18929297475921117,0.0,0.024310411925247105,0.0,0.45256602249124983,0.0,-0.045546572244639864,0.0,auto
1761592516.2596629,14.275870561599731,5.043807542249785,0.0,4.9256857042289415,1.1020805807605605,0.0,0.1727559510278495,0.0,0.029667851834851943,0.0,0.4394019104383461,0.0,-0.047035871394611864,0.0,auto
1761592516.365627,14.381834745407104,5.15937630559932,0.0,4.943272797300982,1.0785160178272715,0.0,0.1647408944530367,0.0,0.03810805055589194,0.0,0.48030949633564307,0.0,-0.06155787985804482,0.0,auto
1761592516.4722042,14.488411903381348,5.272402562689225,0.0,4.9594046293213845,1.0561561446521843,0.0,0.14905327946464114,0.0,0.03520783104844779,0.0,0.47123484780594904,0.0,-0.014812562306552375,0.0,auto
1761592516.576312,14.592519760131836,5.381375298748167,0.0,4.973949510109491,1.0338602388126954,0.0,0.13224206419230153,0.0,0.024930660558392683,0.0,0.44173490699085005,0.0,0.03420071574745999,0.0,auto
1761592516.6812634,14.697471141815186,5.488225974584525,0.0,4.987218518442604,1.0092193916730663,0.0,0.128121284020874,0.0,0.012797639799199251,0.0,0.4863285071676744,0.0,0.11022595469425506,0.0,auto
1761592516.7906506,14.80685830116272,5.597034996952632,0.0,5.000067482645003,0.9856900839974638,0.0,0.12274845173938022,0.0,0.009040470751233608,0.0,0.4,0.0,0.17324033613609618,0.0,auto
1761592516.894948,14.911155700683594,5.698069422266177,0.0,5.011591668613875,0.9596953913175307,0.0,0.11053197082772823,0.0,-0.008791070877607478,0.0,0.47384509865221874,0.0,0.13474430583397845,0.0,auto
1761592517.001295,15.017502784729004,5.7988803076480995,0.0,5.022239449236339,0.9358847383347006,0.0,0.09490586325776386,0.0,-0.0037036782151604994,0.0,0.44082783464457725,0.0,0.07833862936741218,0.0,auto
1761592517.1055539,15.121761560440063,5.895482469736093,0.0,5.031651289417418,0.9121721217011245,0.0,0.0881415359867194,0.0,0.00403970399291601,0.0,0.4629791135314241,0.0,-0.011832210903031437,0.0,auto
1761592517.2089908,15.22519850730896,5.98922819233462,0.0,5.040143598162787,0.8912151034435939,0.0,0.08270825221463153,0.0,0.02135359843323796,0.0,0.469446382668996,0.0,-0.1222527025692265,0.0,auto
1761592517.312317,15.328524589538574,6.080813424699282,0.0,5.047905892530672,0.8737320961804094,0.0,0.07115783519915837,0.0,0.03387797998263283,0.0,0.4,0.0,-0.13391002586988285,0.0,auto
1761592517.4165182,15.43272590637207,6.17107489686696,0.0,5.054970946821893,0.8563211264298427,0.0,0.0601992296215136,0.0,0.03335439288838084,0.0,0.4,0.0,-0.10783553488520838,0.0,auto
1761592517.52248,15.538687705993652,6.260791887075642,0.0,5.061435727112593,0.8373442148670351,0.0,0.06360400079097171,0.0,0.030879368062823882,0.0,0.4887055991371492,0.0,-0.03738438091868386,0.0,auto
1761592517.6306376,15.64684534072876,6.350171050284346,0.0,5.0678168237797125,0.8160684320754744,0.0,0.06506452665211956,0.0,0.04236712699133524,0.0,0.5073141810279161,0.0,-0.035042214496033265,0.0,auto
1761592517.736895,15.753102779388428,6.435597088975181,0.0,5.073690085594795,0.7999517286431613,0.0,0.05577562554857604,0.0,0.028137532877864684,0.0,0.47460376930444864,0.0,0.008083215117703758,0.0,auto
1761592517.843723,15.859930753707886,6.519559453891929,0.0,5.078848703236509,0.7817519502247605,0.0,0.04039260238414687,0.0,0.011775329358195178,0.0,0.4,0.0,0.11516057705162755,0.0,auto
1761592517.9476962,15.963903903961182,6.5993811972744405,0.0,5.08333571964593,0.762042981718752,0.0,0.042620396283647985,0.0,-0.0036694593193485362,0.0,0.4,0.0,0.15699642500121913,0.0,auto
1761592518.0524933,16.068701028823853,6.6780770672562895,0.0,5.087362561136907,0.7429932346649336,0.0,0.0407180337593165,0.0,-0.006301077811581961,0.0,0.4723126885915991,0.0,0.09977909920491454,0.0,auto
1761592518.1557126,16.17192029953003,6.753877058278697,0.0,5.090936419835516,0.7237113852879222,0.0,0.03572608986816711,0.0,-0.002380579894306442,0.0,0.47145119861107393,0.0,0.03471520690334946,0.0,auto
1761592518.2620735,16.278281211853027,6.830249062828854,0.0,5.094130108465634,0.7058017517513211,0.0,0.025669455419668575,0.0,0.009629645694379983,0.0,0.4,0.0,-0.05838905485458663,0.0,auto
1761592518.367005,16.38321280479431,6.903822758215343,0.0,5.0968132995160405,0.6900899579685907,0.0,0.022330698732813167,0.0,0.01866846674849886,0.0,0.4,0.0,-0.10212354373284849,0.0,auto
1761592518.4734857,16.48969340324402,6.976808621239698,0.0,5.099126872169368,0.6754276315413028,0.0,0.017102338707006892,0.0,0.02598548561921435,0.0,0.4207355801785657,0.0,-0.0880259064073769,0.0,auto
1761592518.5794797,16.59568738937378,7.047749130062688,0.0,5.101043624124533,0.6615970254487973,0.0,0.017799028395536938,0.0,0.026230567280110726,0.0,0.4564458228635971,0.0,-0.05045814880626503,0.0,auto
1761592518.6854572,16.701664924621582,7.117045382060678,0.0,5.102572057418694,0.6475841414214667,0.0,0.008416484769318087,0.0,0.025472505410746655,0.0,0.4140420427820569,0.0,-0.02383678183214459,0.0,auto
1761592518.7923067,16.80851435661316,7.185280482938497,0.0,5.103910738217618,0.6334344325644227,0.0,0.006400513641377347,0.0,0.02098213167937171,0.0,0.4,0.0,0.0026122361864656923,0.0,auto
1761592518.897421,16.913628578186035,7.250830616154505,0.0,5.105104085231128,0.6194560632045983,0.0,0.018642576761529594,0.0,0.010667771218882897,0.0,0.5018473229614729,0.0,0.08633455737820694,0.0,auto
1761592519.0026555,17.018863201141357,7.314957561361766,0.0,5.106170297985699,0.60539224830728,0.0,0.008430176063089285,0.0,0.0007892261190520387,0.0,0.4,0.0,0.10818233688984617,0.0,auto
1761592519.107127,17.123334646224976,7.377192480819665,0.0,5.106963537955297,0.5893023730383422,0.0,0.004500473084096177,0.0,-0.0019187537646787804,0.0,0.4234518296191441,0.0,0.09167694723419825,0.0,auto
1761592519.2136104,17.229818105697632,7.43916106727957,0.0,5.107716442592378,0.5746733016922427,0.0,0.0055196243420463946,0.0,0.0007002569389891358,0.0,0.43909319133522384,0.0,0.06134998735419383,0.0,auto
1761592519.3181946,17.334402322769165,7.4985986469878885,0.0,5.108131218089734,0.5608861057697423,0.0,0.010252299021536463,0.0,0.002616642990580299,0.0,0.4930574081234363,0.0,0.020552807784107577,0.0,auto
1761592519.4205964,17.436804056167603,7.555261001486103,0.0,5.108870241162373,0.5372606587339409,0.0,0.009639504312070907,0.0,0.018059553764987742,0.0,0.45635973499257165,0.0,-0.18336266311396626,0.0,auto
1761592519.526617,17.542824745178223,7.612456338047239,0.0,5.10947496938852,0.530312726055717,0.0,0.005801821171519766,0.0,0.03721562656988856,0.0,0.4,0.0,-0.2,0.0,auto
1761592519.6285307,17.64473843574524,7.666211668415724,0.0,5.109966168120259,0.5234437309382893,0.0,0.0022603135550112678,0.0,0.036319504745865955,0.0,0.4,0.0,-0.10653919267051484,0.0,auto
1761592519.7309153,17.74712300300598,7.719059644302524,0.0,5.110323313385558,0.5150094878126933,0.0,-0.0014169169059467706,0.0,0.023872412814246846,0.0,0.4,0.0,0.014604697715523265,0.0,auto
1761592519.8404837,17.856691360473633,7.774241651818931,0.0,5.110420498810162,0.4967444614587835,0.0,-0.0031390638600752793,0.0,0.023110907948490887,0.0,0.4,0.0,-0.03999613839910968,0.0,auto
1761592519.943588,17.959795713424683,7.824815333885807,0.0,5.110430551040725,0.4886829526191851,0.0,0.006917639654190486,0.0,0.013958527820468483,0.0,0.5000009370229884,0.0,0.024780961736685966,0.0,auto
1761592520.047759,18.063966751098633,7.874887589737587,0.0,5.110377223954984,0.47735946578339605,0.0,0.0014262713961651595,0.0,0.006879243225172202,0.0,0.4632524784745135,0.0,0.06229554062157508,0.0,auto
1761592520.1491742,18.165381908416748,7.9225555214066645,0.0,5.110246974880233,0.46643170641665554,0.0,-0.005846036174033288,0.0,-0.0005015146799356086,0.0,0.41615381322017464,0.0,0.07279701953717381,0.0,auto
1761592520.2517447,18.26795244216919,7.969775355872825,0.0,5.1100905784068456,0.45504638092913524,0.0,-0.0031318781891980785,0.0,-0.0008251273439752751,0.0,0.4,0.0,0.027504396188637856,0.0,auto
1761592520.356261,18.37246870994568,8.016851233001239,0.0,5.109899215028504,0.443533562697877,0.0,-0.005245121033871304,0.0,0.0035653270857400345,0.0,0.4,0.0,-0.015254697744413851,0.0,auto
1761592520.4594252,18.475632905960083,8.062269124862222,0.0,5.1096971630192884,0.4333821572139851,0.0,-0.005124729755920836,0.0,0.010735844072730939,0.0,0.4275658571436777,0.0,-0.04351648585800304,0.0,auto
1761592520.5615826,18.57779026031494,8.106231711613754,0.0,5.109466949073987,0.42471240875704563,0.0,-0.0005384411324330911,0.0,0.015670425899968678,0.0,0.46362429823335743,0.0,-0.052415589383516925,0.0,auto
1761592520.6684148,18.684622526168823,8.151152354179477,0.0,5.108983325390939,0.4139863551382488,0.0,-0.006897695393109955,0.0,0.019139854089366103,0.0,0.4,0.0,-0.07415655886615571,0.0,auto
1761592520.7709913,18.787199020385742,8.193244037601787,0.0,5.108465406587604,0.40669060384227856,0.0,-0.0023835688892792986,0.0,0.018278182697277018,0.0,0.470471520673624,0.0,-0.031472732966899696,0.0,auto
1761592520.8791556,18.895363330841064,8.236656820677787,0.0,5.107887545117297,0.3982800296974328,0.0,-0.008618300548766465,0.0,0.01605991566451939,0.0,0.4,0.0,0.015357934028542042,0.0,auto
1761592520.983844,19.000051736831665,8.277611786450747,0.0,5.107280538285271,0.3889886474253575,0.0,0.004009273621604709,0.0,0.0062315155905579974,0.0,0.5169022264288026,0.0,0.05892046764369396,0.0,auto
1761592521.0877411,19.103948831558228,8.317358440207387,0.0,5.106810544708503,0.3798029748471025,0.0,-0.0024255489562866875,0.0,0.0011888061571208993,0.0,0.4632383941133782,0.0,0.07022783199373936,0.0,auto
1761592521.1931846,19.209392309188843,8.356791581330388,0.0,5.106332219152283,0.3702501238331361,0.0,-0.00536451902291251,0.0,-0.0013922915935701528,0.0,0.4,0.0,0.064923241961602,0.0,auto
1761592521.3002396,19.316447257995605,8.395913418096239,0.0,5.1057584631264925,0.36142294761875576,0.0,-0.0055362345437268805,0.0,-0.0009434776688248905,0.0,0.4,0.0,0.07332839394116097,0.0,auto
1761592521.406307,19.42251467704773,8.433718445580253,0.0,5.105110281750088,0.35193083510423745,0.0,0.0005398601460268812,0.0,-0.0023917674582670774,0.0,0.48958134324585895,0.0,0.04647183881508357,0.0,auto
1761592521.5124502,19.528657913208008,8.470695137453665,0.0,5.1045557425915815,0.34293373406732475,0.0,-0.011400394748909512,0.0,0.0002635315650711548,0.0,0.4,0.0,-0.0004677737286591429,0.0,auto
1761592521.617347,19.633554697036743,8.506417233826783,0.0,5.103977662665625,0.33467171951621016,0.0,0.0036424765724790645,0.0,0.005351435715723127,0.0,0.5174041068263213,0.0,-0.023876004761180868,0.0,auto
1761592521.7227736,19.738981246948242,8.541496918070289,0.0,5.103412908521014,0.32698597405983115,0.0,0.0012031894765362604,0.0,0.011488131927825164,0.0,0.49599816378335815,0.0,-0.06094086102272735,0.0,auto
1761592521.8282297,19.84443736076355,8.575753346504875,0.0,5.102774612388333,0.32036237554628666,0.0,0.0014454565264414385,0.0,0.013041067865274035,0.0,0.49832212690113553,0.0,-0.04295432909227738,0.0,auto
1761592521.9335222,19.949729919433594,8.609157683688116,0.0,5.102013191327003,0.31356271042200445,0.0,-0.01021794527631476,0.0,0.01357779441443058,0.0,0.4,0.0,-0.027991664907951193,0.0,auto
1761592522.0381484,20.05435609817505,8.641563735953888,0.0,5.1013090180951295,0.30740163095811684,0.0,-0.007787827191265266,0.0,0.011066433197533084,0.0,0.4,0.0,0.00511062566087875,0.0,auto
1761592522.1438391,20.160046815872192,8.673549826376098,0.0,5.10047965872147,0.3004440522740299,0.0,-0.0005412438041116265,0.0,0.007508801275775435,0.0,0.4966008729880196,0.0,0.028511973757959025,0.0,auto
1761592522.247881,20.26408863067627,8.704290010043248,0.0,5.099856671148812,0.292684903842171,0.0,-0.007052179253344329,0.0,0.0037666630083342846,0.0,0.444071281246871,0.0,0.02758167197368208,0.0,auto
1761592522.3519914,20.368199110031128,8.73435210772265,0.0,5.099100619208267,0.28591150414886174,0.0,-0.011710288420192696,0.0,0.002370112381441784,0.0,0.42051423105057784,0.0,0.0345077317993919,0.0,auto
1761592522.456214,20.472421646118164,8.763755038548796,0.0,5.098307033617885,0.2790641555100523,0.0,-0.012129222792121688,0.0,0.0020324083887013527,0.0,0.4,0.0,0.026337595187570534,0.0,auto
1761592522.5628157,20.579023361206055,8.793138115621026,0.0,5.097507433631418,0.2721651323760344,0.0,-0.008458784366230324,0.0,0.0018741662237098237,0.0,0.4444674698755372,0.0,0.010278308953998212,0.0,auto
1761592522.6694598,20.685667514801025,8.821845746783055,0.0,5.096557301202469,0.2653777511645285,0.0,0.0010695001121028766,0.0,0.0027035600032928125,0.0,0.5136727914659444,0.0,0.0032257647813614763,0.0,auto
1761592522.77065,20.78685760498047,8.84819731173764,0.0,5.095762893930477,0.25919022719269424,0.0,-0.004733141195078399,0.0,0.004439419647054999,0.0,0.4633845638913226,0.0,-0.05308142920681266,0.0,auto
1761592522.8737886,20.88999629020691,8.874802567379001,0.0,5.094837473230242,0.2513625075903537,0.0,-0.01266595799106561,0.0,-0.0014766084668039825,0.0,0.4228116614445763,0.0,0.009402734620360773,0.0,auto
1761592522.9787302,20.994937896728516,8.900911895455687,0.0,5.093979661478976,0.24597538288895307,0.0,-0.0043302330036656496,0.0,0.0034315790133599288,0.0,0.4762765901113835,0.0,-0.020501861384895046,0.0,auto
1761592523.0832202,21.099427938461304,8.926615675973443,0.0,5.093165875394312,0.2405025305017865,0.0,0.0031006771176126414,0.0,0.00869209436179426,0.0,0.5189631122689423,0.0,-0.04090585068183409,0.0,auto
1761592523.1895719,21.205779552459717,8.95205289575921,0.0,5.092601794031282,0.23573769815265055,0.0,-0.007098858261441991,0.0,0.012441830049400932,0.0,0.4,0.0,-0.052824265468458836,0.0,auto
1761592523.2950091,21.311216831207275,8.97668333887972,0.0,5.091981061409544,0.23130635604848562,0.0,-0.010007267840982966,0.0,0.012413003511095052,0.0,0.4,0.0,-0.025335554515428765,0.0,auto
1761592523.398614,21.41482162475586,9.000317831587324,0.0,5.091341942648057,0.22673930899827094,0.0,-0.011433238793696319,0.0,0.008882344863787571,0.0,0.4,0.0,-0.0006121347813827886,0.0,auto
1761592523.5016708,21.517878532409668,9.023288515621035,0.0,5.090749439244944,0.22137352547214886,0.0,-0.0016020375114004191,0.0,0.004131971029907979,0.0,0.4802818095448223,0.0,0.02233144460262096,0.0,auto
1761592523.6072934,21.62350106239319,9.046303366924537,0.0,5.090101814365073,0.21616379020907686,0.0,-0.010256166778311059,0.0,0.0008995584146215948,0.0,0.4253406190356042,0.0,0.040497020407768154,0.0,auto
1761592523.7124226,21.728630304336548,9.068680689113975,0.0,5.089382874163563,0.21070839090243937,0.0,-0.008960471396478443,0.0,-0.001071723854116395,0.0,0.43306121706263384,0.0,0.031203510667468407,0.0,auto
1761592523.8173318,21.833539485931396,9.09050817587261,0.0,5.088656408811587,0.20518735552826384,0.0,-0.009291530036286823,0.0,-0.00033958694612898675,0.0,0.43454867151655163,0.0,0.01983694023651312,0.0,auto
1761592523.9269834,21.943191051483154,9.112709634225162,0.0,5.087763332841354,0.19813990209591847,0.0,-0.013951786543090141,0.0,-0.0034086838581080586,0.0,0.4,0.0,-0.006937755811590205,0.0,auto
1761592524.0336332,22.049840927124023,9.133839874546332,0.0,5.0870363726715135,0.19359407247964758,0.0,-0.0032343722637939607,0.0,0.0042040393957379655,0.0,0.4720038232863936,0.0,-0.04740457713164145,0.0,auto
1761592524.1382399,22.154447555541992,9.154087522377866,0.0,5.086370663233926,0.18975588796080395,0.0,-0.00929764128523116,0.0,0.009919937772902883,0.0,0.4287142695916746,0.0,-0.0642677846091676,0.0,auto
1761592524.2435799,22.259787559509277,9.174000704606238,0.0,5.085707210589249,0.1860366952922086,0.0,0.0036603739662912013,0.0,0.012319915302994375,0.0,0.5161292500453591,0.0,-0.04863105453063851,0.0,auto
1761592524.3438807,22.360088348388672,9.192459016759543,0.0,5.085297297039045,0.1806762018383596,0.0,-0.0038681026433223676,0.0,0.013570348572106745,0.0,0.4,0.0,-0.05861016504725229,0.0,auto
1761592524.4484065,22.464614152908325,9.211202386692486,0.0,5.084751677868059,0.17841181812748383,0.0,-0.00978831831989919,0.0,0.01219237830510275,0.0,0.4,0.0,-0.02447455738290565,0.0,auto
1761592524.5544488,22.570656538009644,9.229820094282212,0.0,5.084309330275379,0.17517250958965985,0.0,-0.0054438129370432235,0.0,0.008805604357653771,0.0,0.4,0.0,0.00545091963499598,0.0,auto
1761592524.6609156,22.677123308181763,9.24809421501835,0.0,5.083868374591648,0.17148372377804452,0.0,0.0005827350306607353,0.0,0.004158116296810259,0.0,0.48081092949786247,0.0,0.03813170226077092,0.0,auto
1761592524.7673213,22.783529043197632,9.265934560185169,0.0,5.083545949558798,0.1672475102663615,0.0,0.005994380196974564,0.0,-0.0011011973667597193,0.0,0.5068183589649035,0.0,0.04941091421659094,0.0,auto
1761592524.8733513,22.889559030532837,9.28331742115398,0.0,5.083265902167546,0.16279647870058886,0.0,-0.003700341828795117,0.0,-0.00428157210885207,0.0,0.4,0.0,0.05754238054791327,0.0,auto
1761592524.9799175,22.99612522125244,9.300396410064014,0.0,5.0828535761775075,0.15831372294110044,0.0,0.001249578764628681,0.0,-0.004543817915604968,0.0,0.4824361141766725,0.0,0.035751617041438935,0.0,auto
1761592525.0852401,23.101447820663452,9.316894210879077,0.0,5.0824951264913345,0.1538259036967783,0.0,-0.00370426742958927,0.0,-0.0023253917107514455,0.0,0.45430652342616545,0.0,0.005011048018973849,0.0,auto
1761592525.1895914,23.205799102783203,9.332864346230494,0.0,5.081944742702367,0.14991312118152095,0.0,-0.0023777023104756797,0.0,0.0011482055871469077,0.0,0.47060165896883904,0.0,-0.015447210884046377,0.0,auto
1761592525.2935886,23.30979633331299,9.348420990967378,0.0,5.081408795289937,0.14656811735180075,0.0,-8.501303626600419e-05,0.0,0.0057829344286699745,0.0,0.4857024927811979,0.0,-0.03600320031560867,0.0,auto
1761592525.3972378,23.413445472717285,9.363563323665476,0.0,5.080781286632141,0.14386167457589852,0.0,-0.00947868231204953,0.0,0.008564238642603313,0.0,0.42728954717644246,0.0,-0.038504047382896464,0.0,auto
1761592525.5020497,23.51825737953186,9.378523884412417,0.0,5.080163035920428,0.14117983003658685,0.0,-0.008007935882668963,0.0,0.009528055255281921,0.0,0.4339858646560292,0.0,-0.02891906928746481,0.0,auto
1761592525.6062531,23.62246084213257,9.393048789517373,0.0,5.079517328383918,0.13857839559415427,0.0,-0.008276276976617963,0.0,0.007685335030659978,0.0,0.4359915907983439,0.0,-0.008254802765532088,0.0,auto
1761592525.7109258,23.72713351249695,9.407293969674072,0.0,5.078817109410788,0.1355181076220032,0.0,-0.009653077512718202,0.0,0.0040069883853374455,0.0,0.4,0.0,0.0176504352660667,0.0,auto
1761592525.8178017,23.834009408950806,9.421498895673025,0.0,5.078200708213318,0.13202300271721648,0.0,-0.008082156714257225,0.0,0.0030726861762245465,0.0,0.4,0.0,0.018010657573228908,0.0,auto
1761592525.9217052,23.937912940979004,9.434958274823764,0.0,5.07756973056359,0.1287899641212728,0.0,-0.006400088182667989,0.0,0.0003083288744472729,0.0,0.4466802021638382,0.0,0.027148799472884136,0.0,auto
1761592526.024618,24.040825605392456,9.447992966490995,0.0,5.076966349905894,0.12547355257609139,0.0,-0.009452604332326215,0.0,-0.0011225018261808342,0.0,0.4,0.0,0.02379408401767267,0.0,auto
1761592526.12885,24.145057678222656,9.460904374738506,0.0,5.0764316862698475,0.12208132905158436,0.0,-0.00875716590226525,0.0,-8.832140212898174e-05,0.0,0.4,0.0,0.009708341154763477,0.0,auto
1761592526.231877,24.248084783554077,9.473368912197213,0.0,5.075804877497445,0.11901551467561253,0.0,0.0025846798788108274,0.0,0.0012252122801221115,0.0,0.5093905095091157,0.0,-0.005382017280965224,0.0,auto
1761592526.334812,24.351019620895386,9.485546346351539,0.0,5.075178660867766,0.11635235468237588,0.0,-0.012145438960403324,0.0,0.0035604885015171617,0.0,0.4,0.0,-0.017989243377354608,0.0,auto
1761592526.4405463,24.456753969192505,9.497771086280482,0.0,5.0745312296410034,0.11379284949577229,0.0,0.0018928327703002755,0.0,0.005554555511318584,0.0,0.5028478667164071,0.0,-0.022361181554740456,0.0,auto
1761592526.5462866,24.5624942779541,9.508375526069669,0.0014499684422642613,5.10068903066288,0.04492469541705231,0.07163916046534423,0.7193596691265376,0.12517581598129257,0.12168216612143452,0.003787398051666585,0.9,0.2,0.2,-0.009012576553322438,auto
1761592526.654185,24.670392751693726,9.492141764976486,0.03073578302364938,5.225799857465933,-0.3766583667934872,0.5050141348877903,1.4447560050963089,0.33667730034532445,0.3368542100280052,0.012895974532614441,0.4,-0.2,-0.1394420996080581,-0.030142343434002662,auto
1761592526.757741,24.773948669433594,9.4329175747069,0.10324469772189306,5.389841766090859,-0.7118454559268552,0.8338833867156772,1.7205597369820493,0.13123774283086959,0.1429706229053307,0.011587690229027585,0.6771763561906022,0.02653471483252628,0.09361099875662521,-0.01865511383170629,auto
1761592526.8654897,24.881697416305542,9.34485482239954,0.20303946856911154,5.58684759561926,-0.9315997932171333,1.0328869164412193,1.9279434906027482,0.14645989361350073,0.1461536938782837,0.006428390325963285,0.4,-0.2,-0.1347289943461515,-0.004867744254917877,auto
1761592526.973223,24.98943066596985,9.23522006731495,0.3226597250866536,5.806822581338841,-1.1100283063412841,1.19447134200957,2.118416685976307,0.14378351496907152,0.1437523815204213,0.0014486732726743698,0.4,-0.2,-0.2,0.003492463239276487,auto
1761592527.0762503,25.09245800971985,9.114055682351447,0.45198215860567253,6.035152598271999,-1.2511889659628195,1.3219620714692997,2.3052539516448856,0.14385372803754534,0.14700980449175866,-0.002099689396552277,0.4,-0.2,-0.2,0.007981036040469248,auto
1761592527.1819031,25.198110818862915,8.976064438173127,0.5971021247904681,6.285030494350139,-1.360839170028099,1.418840392176218,2.4136007068077494,0.1265311099030387,0.13494940290699617,-0.0045744405469134684,0.4,-0.09841317014821668,-0.17652182954748505,0.010318785993096644,auto
1761592527.2877605,25.30396819114685,8.826559323561824,0.7527437347701839,6.548512045998637,-1.4587971437416978,1.5065431072693936,2.559015341855224,0.09893267649447046,0.12116709879845193,-0.006269341867997156,0.6281051287333805,0.05891681471883534,-0.09817016959112335,0.011808899495425523,auto
1761592527.3929858,25.409193515777588,8.668792815866025,0.9156388755057698,6.821171822181729,-1.5337678788792453,1.5751388083791962,2.6506080297128736,0.0700925360635371,0.10149645464741824,-0.0072880959565134835,0.5875630094754167,0.16344149131333963,-0.009100602523913884,0.012373435855231766,auto
1761592527.497223,25.51343059539795,8.506415428597377,1.0828083540091318,7.09920477286384,-1.572341035187224,1.6336922211179097,2.718404047179076,0.043167836580299955,0.016697861141399796,-0.008301592442484806,0.4,0.2,0.19452957350904682,0.013738004499794947,auto
1761592527.6009266,25.61713433265686,8.341151283546951,1.2560552297325425,7.386001710454944,-1.5903183019071554,1.6799961823439158,2.7781566583811665,0.0024682415200168364,-0.0013140668310891784,-0.00965775200356471,0.4670642035462961,0.03623708396317659,0.1266915008814544,0.016339356480342994,auto
1761592527.7074857,25.723693370819092,8.171318519164277,1.434885812845727,7.685840868707918,-1.5961098633945836,1.6831116143545595,2.830191053089364,0.005435792498081633,-0.006295245476661877,-0.010213637974041402,0.42594739257789715,-0.0785369686743296,0.06003678987921885,0.016418588448649876,auto
1761592527.8130746,25.82928228378296,8.003179210525277,1.6116574774325343,7.988538950422146,-1.5950171375974305,1.6774611148996688,2.876612685526871,0.02096737113866773,-0.0002784569564813887,-0.010212761780703468,0.4,-0.14582517434303383,-0.008860045797757937,0.015587118188233256,auto
1761592527.9180832,25.934290885925293,7.836678877999996,1.7865897001008966,8.294273142580863,-1.5871628834222757,1.6666039677878215,2.9241444361515727,0.04280553216712775,0.01693387189124477,-0.010061748291622456,0.4,-0.2,-0.13507516589339272,0.014999784150145166,auto
1761592528.024341,26.04054880142212,7.669396139299531,1.962356140047514,8.607511850112015,-1.5705520160062052,1.6432453183267528,2.964775280398838,0.04160219413063526,0.02629558238676223,-0.009888080295955814,0.4,-0.16596364363258276,-0.2,0.01483028620791327,auto
1761592528.1303306,26.146538257598877,7.504345271050743,2.1357410632940637,8.923205582252297,-1.5465272108006232,1.6183726266931402,2.981780718000754,0.01064355913636894,0.013023136323415853,-0.009278744762717929,0.4,0.05804582244465416,-0.07297297555539997,0.013593211409362524,auto
1761592528.2354612,26.25166893005371,7.342879951131056,2.3053133426844066,9.238959885565775,-1.5264013611757132,1.5972163146932548,3.0267568090557924,-0.004232967195357727,0.013168271871856421,-0.0073620270778252325,0.5609283588876823,0.08916626515255469,-0.08965472606041223,0.00925074181219688,auto
1761592528.3419633,26.358170986175537,7.181573117344304,2.474624740712115,9.561167507175197,-1.5025854827183989,1.5739013828266966,3.029437354113708,-0.01578379337524869,0.013280198090020838,-0.005569747183456601,0.41569162508057167,0.03175987348440332,-0.15020365689802967,0.006307479624759398,auto
1761592528.4470277,26.46323537826538,7.025141386933589,2.638679240417271,9.881311410070671,-1.475533045987583,1.548448233459279,3.0500000863226773,-0.0138814618751908,0.01625091349772434,-0.004122904844498131,0.45411624639662046,0.0641931811076766,-0.0586413887539064,0.004572337865256125,auto
1761592528.5513225,26.567530155181885,6.872411871683198,2.7988042613340323,10.200542614817898,-1.4492997609100104,1.5235542188227225,3.068563786629377,-0.012234986134384198,0.010210838252550931,-0.00274124346156523,0.488969609229764,-0.026861001153839992,-0.05433174479737329,0.0026191854798225593,auto
1761592528.6569128,26.673120498657227,6.720491521625469,2.9580348188226218,10.52496356868244,-1.4213802193880807,1.495388036884589,3.0735106310168177,-0.007925520094673556,0.0016055139555345623,-0.001685553709334196,0.4605767837691831,-0.06152420254054169,0.007410186025860674,0.0013999567200001358,auto
1761592528.769057,26.78526473045349,6.563772125141587,3.1222879532491152,10.867309237087284,-1.3931948708515975,1.4660104845037227,3.096948335810515,0.017113521743217664,0.015753433129097744,-0.0011326811543302233,0.4932028459201251,0.11886037320710581,0.2,0.0011104784459180336,auto
1761592528.8725605,26.888768196105957,6.418924193138451,3.273926042644159,11.190350307596312,-1.3615306551501902,1.42398821728953,3.095132064438668,-0.0041314362417163505,-0.023734185174571223,-0.0035977255543522143,0.4409596489094328,0.18221315495938095,0.2,0.00788325035897415,auto
1761592528.9770827,26.993290424346924,6.277005651411716,3.4225304521226962,11.514260963709189,-1.3454836092641935,1.4047100064905975,3.105783774943898,-0.03435570630807759,-0.038002045115733234,-0.006325269118459831,0.4,0.1736767109243531,0.1269428386284433,0.01328995510928226,auto
1761592529.0810885,27.097296237945557,6.138501959603206,3.5675165862946874,11.837183588783653,-1.3214366559292787,1.3807660909517538,3.1052592864973385,-0.03458088340834979,-0.029057756988664783,-0.008127849038805618,0.44841051132448834,0.1631576604112116,0.07968865198330496,0.015318565009866138,auto
1761592529.184423,27.20063066482544,6.003652737172622,3.7087203910727613,12.158386228654688,-1.2966405991068393,1.3560839152227175,3.1009509572653204,-0.026602488888584745,-0.014430540463201398,-0.008570372054648907,0.4,0.029149111806124943,-0.06299739667420776,0.014366010773949032,auto
1761592529.290699,27.306906700134277,5.867826012720069,3.850959221696601,12.489181944428136,-1.2680687810972524,1.3274360004447685,3.115236958431141,-0.01664376078700684,-0.0012408444196631398,-0.00812946860687925,0.4786142202072764,-0.05593112432501057,-0.13472196965878605,0.01248895879239357,auto
1761592529.3950715,27.41127920150757,5.737296931521455,3.9876532885346596,12.81439251459794,-1.240283645428307,1.300182255611203,3.1307932896500676,-0.0066554448768515045,0.007495179795534073,-0.007452884824752936,0.5534537958861416,-0.10740474093955107,-0.14391691688773683,0.011011971562939586,auto
1761592529.5006511,27.51685881614685,5.608086589999052,4.1229652630254225,13.143678675855632,-1.2100244569864087,1.2700007120424668,3.1191191976938413,0.0036829355689163385,0.011847143236132191,-0.006657309526812403,0.4,-0.13513360163895338,-0.11842694295798009,0.009659031776406942,auto
1761592529.6110666,27.62727427482605,5.475983832651983,4.261378903003223,13.488067764667335,-1.178909755335215,1.2420533353180574,3.1226954137223255,0.003357158294252927,-0.01292679086000521,-0.006422223231170587,0.4647798133313662,-0.2,-0.10201383412047077,0.009699510796630052,auto
1761592529.7177682,27.733975887298584,5.351973039482565,4.391672196378958,13.821001105422264,-1.1543453747022827,1.2119955334965344,3.1322392722848664,0.03040698414855063,0.006205275846740486,-0.007042153425663741,0.5175246783134261,-0.2,-0.1182036058806464,0.011804141860891437,auto
1761592529.8222303,27.838438034057617,5.23293785129763,4.516839610927192,14.147241759425949,-1.1293722391663235,1.1825120552838209,3.135525711359914,0.022159418617334524,0.01064658164274054,-0.0070661449075161776,0.5492319524810922,-0.08523406435081195,-0.11934619632171482,0.011542702687106606,auto
1761592529.9306936,27.946901321411133,5.1119927945543635,4.644209295024215,14.486424780478613,-1.1012047077395963,1.1522940302749936,3.134583764744645,-0.003286209215474706,0.016016440979987775,-0.006869697225038239,0.5161256216372,0.12203887778951249,-0.08176937651009358,0.010997402224325652,auto
1761592530.0362015,28.052409172058105,4.9969309909324835,4.765230323288573,14.816445901693633,-1.075781289282119,1.1285261401106956,3.1258118056406636,-0.021182896331980963,0.013620218000741612,-0.006621148350536899,0.4373081127752695,0.2,0.02093125908567612,0.010427334714864074,auto
1761592530.1418364,28.15804409980774,4.884123303056975,4.8836901530800425,15.146633171365817,-1.0520355898217106,1.106567760846384,3.1193884439210993,-0.02914545549909298,0.004776404243186194,-0.006079089016293463,0.41435164334697316,0.15830304100229042,0.042286201102124964,0.009343465372598244,auto
1761592530.2478597,28.26406741142273,4.773328401370126,4.999937793012059,15.478240898549302,-1.0283472803374847,1.0839671117464362,3.124432346623092,-0.035263695009424105,-0.01162410191289962,-0.00488971608049694,0.44337384236670235,0.0941527556188543,0.07867835389734587,0.006856366553174511,auto
1761592530.3531358,28.369343519210815,4.665835614700809,5.112640358816132,15.80749865149167,-1.00623928125369,1.0615326960345648,3.124738961114791,-0.027553858813468432,-0.021195656601185636,-0.003944594643959162,0.44540567342254433,0.023508424508399423,0.12494421190555852,0.005605913039600218,auto
1761592530.4572277,28.473435401916504,4.561887329016111,5.221605490582386,16.132791728117468,-0.9868174440004587,1.0407110977539635,3.1316570194804427,-0.015707844863820847,-0.028096542370327736,-0.0031731002056201584,0.5107449363308425,-0.05441041136564441,0.12857143766415038,0.004655010352344965,auto
1761592530.5618925,28.578100204467773,4.459665313947881,5.328760084063789,16.45819143679446,-0.968842545587639,1.0183373616942275,3.068446648872199,0.005352510787705917,-0.021553192491117642,-0.002695486750058533,0.4,-0.15726977889090357,0.032976410931976646,0.004219776042616364,auto
1761592530.6656003,28.68180799484253,4.3605355143010405,5.432734621077352,16.77080750391777,-0.9485345499974346,0.9930829607470253,2.9618083373794732,0.015189081614205487,-0.009075636969070175,-0.002375406836085426,0.4,-0.1519841712938559,-0.05568085206379417,0.004003440015197877,auto
1761592530.7709486,28.787156343460083,4.261912868091396,5.536179864913555,17.0767401248112,-0.9277920562881888,0.9690259971303837,2.8451531106591306,0.003251492301291483,-0.007224284700979633,-0.001957043394955765,0.4,-0.042331475345390335,-0.058920053864892324,0.0033784755090698762,auto
1761592530.874507,28.890714645385742,4.167037425519503,5.63566598804095,17.365248931272053,-0.9074939112393872,0.9479955944412628,2.7272435773257366,-0.008451610118318383,-0.0030201246416266324,-0.001293670341512793,0.4,0.04815969936792146,-0.04751984977368578,0.0021169404138036015,auto
1761592530.9784708,28.994678497314453,4.07374825005857,5.733467895073682,17.64270336508865,-0.8870723286028892,0.9285259076938112,2.611748882452247,-0.021011192677660467,-0.006509578989396189,-0.0007636510433966973,0.4,0.10616310223071386,0.0038296917703888956,0.001393991251909758,auto
1761592531.0838387,29.100046396255493,3.9812059325364997,5.830459222456319,17.9118878307774,-0.8682693841082126,0.9104982117745494,2.498425204543023,-0.02111300578028731,-0.0068848862337712105,-0.0005269154683895482,0.4,0.09998616873317828,0.04596600449736238,0.0013636113395073509,auto
1761592531.1908317,29.20703935623169,3.8892022930645096,5.926837605862819,18.173019869300546,-0.8488456324692539,0.8909890998237814,2.3825229139856683,-0.018676066233136685,-0.010834194564153968,-0.0003927294706531608,0.4,0.007331851260653981,0.005351481785314217,0.0013488562985335168,auto
1761592531.2950985,29.31130623817444,3.8015434160428714,6.018656692747344,18.415601732510908,-0.8313026004102179,0.8726871223320533,2.2708864085313123,-0.01404638428892562,-0.014290952719889644,-0.00020276045064016108,0.4,-0.012965628454672255,0.029371693833085834,0.0010461257055181619,auto
1761592531.3976786,29.413886308670044,3.7175383946389795,6.106623969108499,18.643109234174236,-0.8102028989041528,0.8485582483737283,2.1946105686477244,-0.045416072721945915,-0.048788006320392235,-0.001014828996956858,0.4,0.09871541462136851,0.1281400540187988,0.0033045667930949605,auto
1761592531.5041263,29.520334005355835,3.6321870151919566,6.196074420573416,18.875494081260236,-0.7990207173717404,0.836408876318224,2.146886570119565,-0.016205594279814026,-0.014137647101780965,-0.004153995417432019,0.4,-0.08759440560024942,-0.10101275410864724,0.010417998804416963,auto
1761592531.6100569,29.626264572143555,3.549156141542198,6.283044955564341,19.099404558645688,-0.7816488218375526,0.8186912565173942,2.0869336726179,0.010702812683114111,0.013104777922033545,-0.00667933978801903,0.4,-0.2,-0.2,0.01425603790254129,auto
1761592531.715584,29.731791734695435,3.468061163267776,6.367960111453089,19.3158415496867,-0.7599389095096697,0.7961004286678364,2.015963136674537,0.020756047635254987,0.02128387715853227,-0.00829275462896313,0.4,-0.16231257819289768,-0.1562178583682749,0.01590587582336066,auto
1761592531.8171618,29.833369493484497,3.391560728628047,6.448056994298937,19.517531303508026,-0.7389208295754264,0.7740441305457254,1.941898150439391,-0.016118724033230558,-0.016490439680351784,-0.009130040165947028,0.4,0.02792733792976293,0.03871805478143805,0.016361001884008925,auto
1761592531.9226902,29.938897848129272,3.3142726565815908,6.528982823257729,19.71693413290732,-0.7242413835340376,0.7584730620296082,1.8379255655662272,-0.015292944765025048,-0.01631913558420801,-0.007904714964370922,0.4,0.03684891704751739,0.04639610279644521,0.012082504900324318,auto
1761592532.028909,30.045116662979126,3.2380237255539965,6.608822980743038,19.90675627642691,-0.7109204704534122,0.7443424260878564,1.7353306854161348,-0.015879255013278627,-0.016747039235988193,-0.006394121714507116,0.4,0.00364575709411741,0.00984283142785301,0.009050363990428547,auto
1761592532.1337543,30.149961948394775,3.16433117792742,6.685988012640281,20.083429076414347,-0.6966705339569388,0.7293046113284122,1.6350724444250628,-0.013769657316305955,-0.013958245933484083,-0.005103143192995896,0.4,-0.014500878221519646,-0.013843980297394979,0.0071763412697513854,auto
1761592532.238336,30.254543781280518,3.092374838330485,6.761334327611856,20.24929453358846,-0.6829372732680615,0.7149342635483242,1.5379611848656924,-0.005903792775917115,-0.005611418215211027,-0.004127542963738928,0.4,-0.07400847281139969,-0.07483249674120254,0.006058099641553377,auto
1761592532.3428087,30.35901641845703,3.021992048025077,6.835032128567367,20.40492754293408,-0.6668727615697185,0.6981952630759282,1.4420856876427024,-0.0017618863660496162,-0.0011972570495050957,-0.0034340463733151484,0.4,-0.06408586471461218,-0.06604501892539008,0.005419120452241958,auto
1761592532.4486485,30.464856147766113,2.9521999721002956,6.908111561896974,20.552513545479393,-0.652290718424332,0.6830198359634134,1.3467874729709566,-0.0024401571395288586,-0.0017952953739059953,-0.002903495338172503,0.4,-0.04147146505935967,-0.04273168497353403,0.004908759447271175,auto
1761592532.553675,30.56988263130188,2.8844299964647777,6.979073859224818,20.68900898136856,-0.6372025482475058,0.6672876070843299,1.252435185959609,-0.004437590389491685,-0.003942642788323914,-0.0024436053140936115,0.4,-0.021315704815925166,-0.021083445620035595,0.0043439786822133085,auto
1761592532.6620808,30.678288459777832,2.8160669509442884,7.050659008393247,20.819764760966084,-0.6193466220817224,0.6486035770928911,1.1627997023112115,-0.015761546340526247,-0.015017306957307578,-0.002187358847564007,0.4,0.09813198347909283,0.09452038114937561,0.004169594695664416,auto
1761592532.7672062,30.783413887023926,2.7513295442738244,7.118449852881315,20.93738272438383,-0.6080968306647603,0.6368271899070532,1.0758633727572886,-0.024654122036189,-0.02369771146288023,-0.0022471979225270966,0.4,0.09108923798280076,0.08840949842019631,0.0046745279314835755,auto
1761592532.877438,30.893645763397217,2.6849264984463317,7.187990379678628,21.05137411620361,-0.59516034461814,0.6234738989325553,0.9983472233533079,-0.04187539296674305,-0.040757593036980164,-0.002594474817292208,0.4,0.06227524381319448,0.06543524174361928,0.0055010747248005485,auto
1761592532.9815137,30.997721433639526,2.6241342322267918,7.251652487146023,21.153212436892918,-0.584489259060308,0.6121459227126838,0.9554614189950068,-0.009726986326575107,-0.011079648754355412,-0.004493826906499967,0.4,-0.10737421873010436,-0.09448902412540867,0.010008024918237875,auto
1761592533.0848029,31.10101056098938,2.5649428194493344,7.313645371927466,21.248517768652615,-0.5703010829238003,0.59712390407383,0.8925040437730533,0.0073918878624628995,0.005958200823428035,-0.005829283475215311,0.4,-0.1509547164409134,-0.14267753507893263,0.011949572648096663,auto
1761592533.1918464,31.208054065704346,2.504819999399082,7.376610890053479,21.33979022711421,-0.5559201557458875,0.5819837775080028,0.8127644058816512,0.009425164255145176,0.008490454429607084,-0.006042456193714478,0.4,-0.10149229189770095,-0.0994408399285143,0.011105487664666654,auto
1761592533.2970955,31.313303232192993,2.446966960629875,7.4371971949875,21.421438738891506,-0.5417587271415324,0.5671346754708225,0.7351823109481384,0.003818429858454692,0.003709613812173438,-0.005771876114431221,0.4,-0.01076850214379202,-0.01544079143646748,0.00997710916935567,auto
1761592533.4019926,31.418200254440308,2.39051125250978,7.496319317376486,21.49453076602735,-0.5296221408601695,0.5544702174409197,0.6562467149575689,-0.009364894062044483,-0.0084354528124564,-0.005309794647618611,0.4,0.04420294589635607,0.0362598171304275,0.008923579770023431,auto
1761592533.506502,31.522709608078003,2.3354951148250884,7.553932416126164,21.558627574404237,-0.5192019563012811,0.5436655700484081,0.5718547598372049,-0.018527497570436487,-0.016984116404155387,-0.004599673351747673,0.4,0.09671280486216043,0.08783041267218938,0.007572311638969127,auto
1761592533.6110597,31.627267360687256,2.281659040298967,7.610308642230972,21.613847845863294,-0.50911935414271,0.533213495682185,0.4844666131248846,-0.019739802254975153,-0.01828958557377755,-0.0038680104405440304,0.4,0.04993314288236654,0.04590288278090909,0.006405672944983429,auto
1761592533.7150538,31.731261491775513,2.2292940572587048,7.665144285579828,21.65973529523474,-0.4988463580901106,0.5225186216964623,0.3975983192784333,-0.016569393384037744,-0.015666754585636593,-0.0031539366757829066,0.4,0.00911480973081339,0.009999220249155559,0.005342429404434761,auto
1761592533.8200576,31.836265325546265,2.177581329229785,7.719298118188965,21.696893916316217,-0.4876917728491024,0.5108310064639913,0.3094383774523017,-0.012650605636673416,-0.012335170322284844,-0.0025145950765974525,0.4,-0.009737661967066968,-0.006226954665058995,0.004481852439631417,auto
1761592533.9247534,31.940961122512817,2.1271613605566055,7.7721003956773735,21.724634292182458,-0.4769016334949304,0.499492177022442,0.22055626236108136,-0.010131789640769103,-0.010142757533459255,-0.0019101504263137187,0.4,-0.00627740054295731,-0.002956451734703664,0.0036410163557916778,auto
1761592534.0290582,32.045265913009644,2.078025076721578,7.823560991357535,21.743008247735105,-0.4665546697454506,0.48861815662391156,0.13198666489771566,-0.008098944479752943,-0.008172313668257703,-0.0013895644993163693,0.4,-0.016601413246854067,-0.014239115616527825,0.002959018963514067,auto
1761592534.135429,32.151636600494385,2.028999884610393,7.874907852532921,21.752225792544124,-0.45530913640538495,0.47682268282634066,0.04129628138997179,-0.011446955081027995,-0.011180919699125087,-0.0009432256418565599,0.4,-0.0019256544953978809,-0.0017823035064785271,0.0023944228669939963,auto
1761592534.2392414,32.255449056625366,1.9822659829817006,7.923856932498398,21.75192427563569,-0.4455046618518079,0.4665737693683588,-0.0470947753917264,-0.01056645495679762,-0.010083747122152927,-0.0005668528053106103,0.4,-0.00275342018874742,-0.003936264307782618,0.0019177794067931028,auto
1761592534.3450096,32.36121726036072,1.9361413407716137,7.972169669332584,21.74232665865249,-0.43575324967016493,0.45640327934144753,-0.13603743787563521,-0.008467685780478929,-0.007924687157955421,-0.0002564236715376782,0.4,0.010402650688438663,0.00839585391150131,0.0015541026719566183,auto
1761592534.4483564,32.464564085006714,1.8912261873380214,8.019217141403328,21.72353397012195,-0.4251302034385752,0.4453260291175719,-0.22420109646500913,-0.008141407496334779,-0.007590945544647165,-2.0512500527699e-05,0.4,-0.006675638392636793,-0.00736190005996357,0.0012840450609344289,auto
1761592534.5524359,32.56864356994629,1.8474570956794858,8.065065836629874,21.69562545552048,-0.4153559337191966,0.435125553470448,-0.31194435595281816,-0.00870974639094805,-0.008211695979684878,0.00017313626232891028,0.4,0.01664164578969076,0.015823191847617823,0.0010552640219917387,auto
1761592534.6589983,32.67520594596863,1.803630193250493,8.110976768910506,21.657616646508792,-0.4057839655575089,0.42511892857136246,-0.40115183887106537,-0.012757724267806893,-0.01218153613499337,0.0003210446868386408,0.4,0.031475316764392136,0.030614913266799847,0.0008927434767812274,auto
1761592534.769263,32.785470724105835,1.7597826466086708,8.156911222834916,21.608813848106728,-0.396423772630953,0.41532158319521323,-0.4916250762839063,-0.010914109524596507,-0.010488031459422288,0.00041586314543009726,0.4,0.05131205840675179,0.04977228870761985,0.0008202592790705949,auto
1761592534.8730383,32.88924598693848,1.7188917092272198,8.199749883150956,21.554035493457214,-0.3848616184070487,0.40320678716579456,-0.5481330603646929,-0.003753144306859172,-0.003688468911727645,0.00042893766108036726,0.4421422845218341,-0.01384154630099978,-0.012526333726237626,0.0008924394645171083,auto
1761592534.9796789,32.99588656425476,1.6782219894787147,8.242357840781757,21.492850247429853,-0.37646296954192293,0.3944051844858415,-0.5936759546963121,-0.0078122456012033525,-0.007556717304790616,0.0004964725953316102,0.42273438712205585,-0.0019302910467085327,-0.0014326493544126356,0.0007535871925425358,auto
1761592535.0863652,33.10257291793823,1.6384940806926849,8.283980224848385,21.42816116780318,-0.3672662340103265,0.3847727264361027,-0.6123712032148629,-0.008693985336186627,-0.008364134073484703,0.000574776649617329,0.4687610159279965,-2.393279175820018e-05,6.941107486444246e-05,0.0006121135343665528,auto
1761592535.19242,33.208627700805664,1.5999509134146828,8.324362309443108,21.362054593218108,-0.3591714841365723,0.3762941716977337,-0.6303473740610515,-0.009531508758861395,-0.009116813490048108,0.0006463791182035154,0.4,0.013104148712476765,0.012269512373637924,0.0005091205876522519,auto
1761592535.2952664,33.311474084854126,1.5634600259085623,8.362594926656266,21.297389746361166,-0.3512773772579774,0.368031006459985,-0.63301543204663,-0.007073319657480731,-0.00671487054584734,0.0007166174686172029,0.41844762839672306,-0.010770304811460352,-0.010739533401392363,0.0003969502326521475,auto
1761592535.4020128,33.41822052001953,1.526439323146343,8.401383286071496,21.23044810531878,-0.3426509641762382,0.3590043511216353,-0.610724208102887,-0.006680057672343979,-0.006305597344598579,0.0007748786914108887,0.5379374901473418,-0.01664386491006936,-0.016380296593524444,0.00032045497588304746,auto
1761592535.505302,33.521509647369385,1.4914904266672886,8.438001415945672,21.16690644149743,-0.3343988837779786,0.35037315821747295,-0.6078958729505771,-0.0045257468365162475,-0.004237937971621776,0.0008219857421788175,0.46979847350659687,0.0012920628768108848,0.0008908377487200902,0.0002603381009453858,auto
1761592535.6131902,33.62939786911011,1.4558119821625728,8.475384297868901,21.10187128030003,-0.32608763403014734,0.34167536489777095,-0.589795628996961,-0.00973060837791984,-0.00921505121364671,0.0008145912145867824,0.49151454528405103,-0.017632495256427932,-0.016977104315550953,0.0003210074070454621,auto
1761592535.717071,33.73327875137329,1.4224623451605183,8.510327480750618,21.041229636463154,-0.3185608297683805,0.33379335111389524,-0.5782953221465046,-0.001481452950926811,-0.0013781935461565664,0.0007662588851154712,0.4,-0.044129338885963654,-0.04202474241381802,0.00044888228155181924,auto
1761592535.8297427,33.84595036506653,1.387087033191003,8.547393299445798,20.978075711331577,-0.3109996869225861,0.32587165950508495,-0.5526324241139099,0.0032025510316109774,0.0030891108955561084,0.0007187216091835517,0.44424103826368383,0.010394878583617581,0.010182026127257902,0.00052540963875282,auto
1761592535.9362943,33.95250201225281,1.3546456922014216,8.581384461806374,20.921321693611098,-0.29971297134677866,0.31404800387192583,-0.5238984412214556,0.017337329539594243,0.016526452285117742,-0.00010356235107268215,0.4,-0.09763239917499747,-0.0927685202486116,0.0025751573570175195,auto
1761592536.0421417,34.05834937095642,1.3230641123341882,8.614473714875544,20.86752780814332,-0.29163618633490307,0.305559477418548,-0.48605182222311233,0.006830162419670448,0.006396371717078488,-0.0012894614325774905,0.5254472197501416,0.012874457312506925,0.012892471681321009,0.0048692967241237076,auto
1761592536.1472054,34.16341304779053,1.292360161899104,8.646642769523991,20.817080917401668,-0.2850849087443565,0.29864460755984323,-0.4726742521227293,-0.005915799382027251,-0.005815847045650112,-0.0021868913063199363,0.45318796161250036,0.0771811652521118,0.07381946600036979,0.006013850960534726,auto
1761592536.2506876,34.26689529418945,1.2628044282454953,8.677608237355283,20.76925297549672,-0.2796606718156781,0.2929209569144433,-0.4477529483208479,-0.01627243384674659,-0.015585426630435195,-0.0026984777976828745,0.47085392636827095,0.10413658129813173,0.09843982437443435,0.006392836477233078,auto
1761592536.352987,34.369194746017456,1.2343045828355836,8.707467866146846,20.724865626142073,-0.2727137714059605,0.285640186313954,-0.4259058495567229,-0.02126968351808007,-0.020082655553576825,-0.00322875610820425,0.4,0.12438963680109973,0.11635427936566231,0.007159840207572365,auto
1761592536.457985,34.47419261932373,1.2057550155885097,8.73737830136949,20.681336331185697,-0.2696633322116891,0.2824811160336593,-0.40916876605912045,-0.022667289114625663,-0.02120997695257079,-0.0034404949700314303,0.4,0.07746746763111793,0.07142665530566214,0.0071701143783833654,auto
1761592536.563676,34.57988381385803,1.1776311686989036,8.766840849848025,20.63994268032373,-0.26557195468434236,0.27825881518391304,-0.38254579226987084,-0.017979482444218507,-0.016673508310485818,-0.003378942751297503,0.4,0.009753240989448977,0.0075575605399113305,0.006720061680573446,auto
1761592536.6696875,34.68589520454407,1.1500352423531521,8.795749754736805,20.6005872463312,-0.26094233429100494,0.2734826905354347,-0.3672191246381767,-0.008863907036106624,-0.008108527892733225,-0.0033234456195883363,0.4,-0.058155698443589136,-0.055241708882780904,0.006541542746254278,auto
1761592536.7762048,34.792412519454956,1.1229309748391003,8.824142500048033,20.563493462582784,-0.2542816624749459,0.2665212317754303,-0.3389220380217073,0.000914702726503451,0.0009349422118338363,-0.0032883356553265915,0.4405262743561134,-0.08461119447979082,-0.07828895681768457,0.0065279843645911035,auto
1761592536.8815928,34.89780044555664,1.096741289462998,8.851575482025456,20.528927979141987,-0.24720404093434542,0.2590920130894034,-0.30817814444875136,0.009400591991936866,0.008614388337452412,-0.0030924470581976805,0.5111377433482461,-0.09683249218657441,-0.08827452486277657,0.00610934125349714,auto
1761592536.988352,35.00455975532532,1.0707791177526718,8.878770482519858,20.496208950473715,-0.24022121708597738,0.25172195196036923,-0.29732824356612103,0.011685550361652903,0.010452006467256504,-0.0028989179930133564,0.4538453672845338,-0.07328330425536686,-0.06524695705801103,0.005815488960307915,auto
1761592537.0948822,35.11108994483948,1.0454330731092816,8.905321790813087,20.465529858342656,-0.2334032858587368,0.24450224417205116,-0.27794819928343967,0.00872123870458366,0.007461290157394529,-0.0028223193766156573,0.4677596376170284,-0.029522014289691798,-0.024478757394548866,0.005823734163764908,auto
1761592537.2010117,35.21721935272217,1.0207473537423417,8.931183949559147,20.437026260159772,-0.2270302550324991,0.2377361657721847,-0.26158823755233557,0.0015384808230699716,0.0007376810587027046,-0.002785254826692554,0.4,0.028496644339174978,0.02863974140347296,0.005834309999273286,auto
1761592537.305522,35.32172966003418,0.9969881430745792,8.956076483159176,20.410673484804267,-0.22200140083580105,0.23240527047491266,-0.2350059466149172,-0.007877106038988887,-0.00782704348047394,-0.002712939391532562,0.5084950078053627,0.07060536839014625,0.06545086980883208,0.005704250861785372,auto
1761592537.4124002,35.42860794067383,0.9732551127471031,8.98094186506038,20.38585864118751,-0.21738520644387777,0.22756522891499076,-0.22864575198644993,-0.014683292748493601,-0.013872815695251488,-0.0025589269968257556,0.4,0.09554358273636572,0.08682275134350231,0.0054013766557576125,auto
1761592537.5163927,35.53260040283203,0.9507244345276026,9.004547255303157,20.36335094160515,-0.21381514695774015,0.2238849396155096,-0.2137039777208634,-0.018664475656736495,-0.01717567331306584,-0.0023795136473931775,0.41334242120348447,0.07631114390025831,0.06722184299279346,0.005117690992431337,auto
1761592537.6205947,35.636802434921265,0.9286766063445144,9.027645682646922,20.34237820124221,-0.21063097536331415,0.22066136221544796,-0.19950073506445587,-0.016936683083468334,-0.015317088904156001,-0.0021900672589708686,0.4,0.0337822498492937,0.02767641972614008,0.004828292946888736,auto
1761592537.7249305,35.741138219833374,0.9071025774533363,9.050247390397464,20.322835317563015,-0.20660434570677416,0.21654432210019636,-0.17641536364955068,-0.010685835828831309,-0.009449946385635625,-0.0020503581269921923,0.48509534763505197,-0.02107069536493711,-0.02202171230881452,0.004664849569615937,auto
1761592537.8250773,35.84128499031067,0.8868574231220543,9.071457001046642,20.30527584155468,-0.20195871151416878,0.21181903884029146,-0.16199070732447313,-0.003311325803184606,-0.0030777309539938387,-0.0019819455215891206,0.505380856627727,-0.06841597028264798,-0.06199435301398129,0.004642600922428496,auto
1761592537.9288306,35.94503831863403,0.8663914410219525,9.092901346095635,20.288341988005904,-0.1968918081443674,0.20648149741533003,-0.16344931734105675,0.005097928963004992,0.0044013489992660495,-0.0018873123301196885,0.4,-0.08675207533866092,-0.07724786816560793,0.004504109843976025,auto
1761592538.0322895,36.04849720001221,0.8464114581400681,9.113836760129063,20.272809949038134,-0.19120222145318275,0.20042237061360244,-0.14646239024936142,0.008509487677452165,0.007263694380616726,-0.0017300337183366913,0.44126578452800846,-0.069474684670625,-0.0606990244862224,0.004226654811506292,auto
1761592538.1360762,36.152283906936646,0.8268015823933292,9.134385150619513,20.25814466834941,-0.1857424552494615,0.19459135970841102,-0.13309142733199436,0.006854321644074043,0.0056484075110879405,-0.0015595819749697351,0.4755611749543809,-0.022388781189682364,-0.01816036562079324,0.003956714920239041,auto
1761592538.2407959,36.25700354576111,0.8074410596381338,9.154673583564149,20.244404321803884,-0.18056670822255516,0.18907741313286594,-0.12193368772589108,2.6411917147202424e-05,-0.0005685880605090492,-0.001402246608206479,0.48313716762088016,0.030810029165853688,0.029422857134368638,0.0037220394609095873,auto
1761592538.3462324,36.36244010925293,0.7883985031577213,9.174629184651053,20.231604380409365,-0.17643837996933207,0.18471408675128076,-0.12117214949965302,-0.007163064362534511,-0.00699041492674798,-0.0012524272639774692,0.418871302578314,0.06639062379195837,0.06047786152751168,0.0035018934179878764,auto
1761592538.453124,36.46933174133301,0.7695369205780003,9.194395635779964,20.219595530077562,-0.17293283004742405,0.18105575325675966,-0.10931035317482554,-0.012904615998801895,-0.012009591193125536,-0.0011327898020570516,0.4,0.0726871880768394,0.06462552400672816,0.0033746215839816924,auto
1761592538.5577734,36.573981046676636,0.7515259243543928,9.21326927605796,20.208588161397522,-0.1701702242798244,0.17822317163796564,-0.10460246175246866,-0.01509970732514355,-0.013734076891614742,-0.0009919769900290903,0.4,0.05400643514781606,0.046316391380150146,0.0031641913880613402,auto
1761592538.6595006,36.675708293914795,0.7344476685875143,9.231167737418028,20.1988772753667,-0.16608222051336718,0.1741236563024885,-0.09437540351531647,-0.014840646343676756,-0.013299064724322435,-0.0009700258738375929,0.4332248499631554,0.03925773537315212,0.03422677724972122,0.0032601285416741254,auto
1761592538.7641902,36.78039789199829,0.7173158242427559,9.24912203426612,20.18965088280362,-0.1635474449551467,0.17155071688608753,-0.08813515123965704,-0.010486730009933044,-0.00947190711829651,-0.0009118901544745774,0.4319109794298911,-0.002070490437438801,-0.00173930467660245,0.0031576575825043272,auto
1761592538.8744202,36.89062786102295,0.6996324876342672,9.267656496989725,20.180606688235976,-0.1610989770951429,0.16907027111090248,-0.0838797251410782,-0.008754045137444617,-0.008168933914753323,-0.0008915628611402916,0.42022477954790244,-0.04016405379156324,-0.03543649193388275,0.003136026073549623,auto
1761592538.9794245,36.99563217163086,0.6832192266624664,9.284861302281222,20.172570105247452,-0.15705005606121583,0.16479675718965997,-0.07524830108257503,0.0017033416353975847,0.0012745457416599637,-0.0010688044012384134,0.4357991398081025,-0.08186077128241123,-0.07301833402354732,0.0036218155092363545,auto
1761592539.0825605,37.09876823425293,0.6674544855153736,9.301385566178695,20.165023413084974,-0.15231051961822903,0.15972883820149777,-0.07316229286092393,0.008337302651413804,0.007214491480484526,-0.0011761027554746024,0.4,-0.08590213908626951,-0.07657152179308696,0.0037878727631907973,auto
1761592539.188539,37.20474672317505,0.651611567739073,9.317990876332557,20.15794922585876,-0.14757472436089017,0.15466116429074697,-0.06551526167227431,0.009558343631891345,0.008275049219620608,-0.0011677945294478263,0.4,-0.06253973561307095,-0.05576647489107684,0.00366441516332305,auto
1761592539.29486,37.31106758117676,0.636080542335921,9.334269579256876,20.151191235687232,-0.14313397247332865,0.1499291813340861,-0.05247485362069064,0.0056075118590315455,0.004712213532606776,-0.0011283390210300999,0.5151913085281142,-0.02818584263860962,-0.02552218662913542,0.0035583863497443925,auto
1761592539.4005957,37.41680335998535,0.6210260088254692,9.350048702275748,20.144960603692248,-0.13908483769906177,0.14563137128130274,-0.05673070234605572,0.0014126475874618781,0.001067342187195469,-0.0009794860271180527,0.4514083202587306,0.019433806745525986,0.017024947646521307,0.0032060844956286693,auto
1761592539.5061493,37.52235698699951,0.6063281526527827,9.365454184275645,20.139227243666298,-0.13579358987419948,0.14218446365257442,-0.051600082635370956,-0.0046569648194782765,-0.004324962882923811,-0.0008065579196748607,0.4510509927836907,0.05757825411593521,0.051421430632316203,0.002886205056812583,auto
1761592539.609746,37.625953674316406,0.5922294378494481,9.380231755506097,20.1339648222412,-0.13313462020512334,0.13944227994557268,-0.048318024652796956,-0.010474023877533914,-0.009488963641594812,-0.0006881441235216648,0.4508512414310529,0.06966409266262777,0.062123089623365005,0.0027595743732202168,auto
1761592539.7123303,37.728538036346436,0.5786008690989565,9.394515034415752,20.12909649226607,-0.13105628566176192,0.1373352229860076,-0.04388264853125747,-0.012501719299789587,-0.011284331863317927,-0.000584675806825247,0.4609160444973983,0.05460388896035118,0.04885349034243622,0.002644206924431461,auto
1761592539.816613,37.832820653915405,0.5650750592720057,9.408688630729918,20.12458800539709,-0.12874930417565128,0.13497383120310624,-0.03635410961764485,-0.011011366602392965,-0.009970399987109224,-0.00046027629918283283,0.49117172151898847,0.02047249749564763,0.018243774855834644,0.0024450727017460987,auto
1761592539.920417,37.93662476539612,0.5519563429211011,9.422433321659666,20.120484265763007,-0.1261314205740585,0.13225883672429226,-0.02872566505759748,-0.005360591879920798,-0.0049158865479189285,-0.0002960413057872131,0.5164587315904121,-0.01836301870418867,-0.016354391929758693,0.0021474941986054452,auto
1761592540.026069,38.04227662086487,0.5389178483987996,9.436093103392063,20.116636666768116,-0.12310820198471309,0.1290834763098846,-0.03957429004192446,-0.0009116793893734257,-0.0010010111838566406,-0.0001119907943571544,0.4,-0.03595019534294534,-0.03146317552410859,0.001844731408204385,auto
1761592540.1324365,38.14864420890808,0.5260997890562579,9.449521867517506,20.113085217802162,-0.11986861245269492,0.1256546237367903,-0.03334864577224349,0.0021529434526587118,0.0016902739542920043,5.3748880225505834e-05,0.4,-0.04059578789904095,-0.03547095593653306,0.001613818822341128,auto
1761592540.2389839,38.25519156455994,0.5135605810311438,9.462658815359765,20.10966299484694,-0.11638136611852806,0.1219517189700458,-0.03143800206600511,0.0034769027508501837,0.0028434268059556764,0.00019679223052573643,0.4429362013813349,-0.03217078289222887,-0.027996354604145193,0.0014276586480582284,auto
1761592540.345347,38.36155462265015,0.5013372609510188,9.47546536095027,20.106405042989902,-0.11315027847354053,0.11851951081153092,-0.031684638281953066,0.0029539242509341395,0.0023861504523156668,0.00031850754713330545,0.43589157949379853,-0.022175267823917662,-0.019567471331039844,0.0012674174105751367,auto
1761592540.4510098,38.467217445373535,0.489478690306479,9.487890252428478,20.10330286313209,-0.1101238806561836,0.11531285926998726,-0.03240848808966204,0.0010702366449321407,0.0007555272718798699,0.0004166319103915845,0.4,0.002726847700498679,0.002508816172146379,0.0011480186130328825,auto
1761592540.5569677,38.57317543029785,0.4778555422303943,9.500068974977292,20.100387545279645,-0.10737893179371612,0.11243070799604342,-0.023956186775832528,-0.0020999321131314587,-0.0020372525579396257,0.0005009140130415652,0.47504921372329345,0.01666071319605309,0.014525246285236241,0.0010347391839916216,auto
1761592540.6638088,38.68001651763916,0.46641520209960885,9.512056113414435,20.097616469834648,-0.10499814205909624,0.1099486089330271,-0.027163327087561768,-0.004918727970349717,-0.004528744425960897,0.0005802290691818619,0.43130885480352416,0.02708568361304864,0.0237751136591636,0.0009236495369132694,auto
1761592540.7704134,38.78662109375,0.4553868828762278,9.523610963923375,20.095178000541438,-0.10282449019941142,0.10769932336260889,-0.026399095894888543,-0.006452674960223622,-0.005863428328270973,0.0006588588374016921,0.4,0.025539778242394943,0.022279024805401768,0.0008057989325545935,auto
1761592540.8731523,38.88935995101929,0.44481829323496946,9.534683338671796,20.09302772365575,-0.10090211876150595,0.1057193649229554,-0.02052164839622946,-0.006229400825527923,-0.005636753351462047,0.0007332967698990041,0.449808477467787,0.01388515283403108,0.011901956550219028,0.0006954272499879757,auto
1761592540.9785373,38.99474501609802,0.43433067541393755,9.54567039759459,20.090868874154644,-0.09891661880329203,0.10366686199469506,-0.02480955263034774,-0.0047346416350581315,-0.004305335058650286,0.0007996525748675003,0.4,0.00029656066864487815,4.53793473976327e-05,0.0006017903888746415,auto
1761592541.0835586,39.09976625442505,0.42412753977820555,9.556359122006656,20.08890120690841,-0.09670366221295636,0.10135978164042221,-0.02124110974974048,-0.0021227181387236493,-0.001971498762306128,0.0008576259067229494,0.4,-0.017231303713427244,-0.01568174557203757,0.0005182090990684458,auto
1761592541.1909058,39.20711350440979,0.4139398047078947,9.56703173091656,20.087076973806887,-0.09423560574167497,0.09876763413909116,-0.006643155515503405,-0.0007050932538737253,-0.0007460942980601022,0.000906404641685972,0.513335473588014,-0.018567419922701486,-0.016436701455814336,0.00045440832644442857,auto
1761592541.2980127,39.3142204284668,0.40401876124075303,9.577425089217796,20.08552965827991,-0.09188983157860654,0.09629654900969081,-0.011593626178285021,0.0009227196444413269,0.000710073984123021,0.0009498445047000575,0.46950710263038314,-0.022348923681862715,-0.01992013242495797,0.0003920601031021441,auto
1761592541.40501,39.42121767997742,0.39433724413489746,9.587567947278137,20.08400124041383,-0.08935467850383842,0.09361719177949704,-0.019793322772079118,0.001291298910929942,0.00103054658758417,0.0009807992083141575,0.41676702922414394,-0.011918169623005865,-0.010291846239309725,0.0003565941151709812,auto
1761592541.5119445,39.52815222740173,0.38489136416378744,9.59746405251004,20.08257404632064,-0.08697523776933613,0.09110613498000932,-0.006985241367816666,0.0006769243572085893,0.000475556838797577,0.001005189793529578,0.49186621499628846,-0.006513423891865363,-0.005675039218915338,0.0003234746623025446,auto
1761592541.6179435,39.634151220321655,0.37574987482891914,9.607041339363303,20.08131559554053,-0.08474569437492137,0.0887534235634533,-0.01788173759388985,-0.0007489154817394879,-0.0008031272861194589,0.0010265346370862348,0.41001297920661306,0.006761778023780158,0.006269093975649053,0.00029072215486325713,auto
1761592541.7244718,39.74067950248718,0.3667772572175737,9.616441752822105,20.079986232596575,-0.08264601216379504,0.08655404869448242,-0.0026221146362668153,-0.0025360952084196487,-0.002410740957758363,0.0010476799886206386,0.5153889507524277,0.013054127784405553,0.011806502314869089,0.00025338682620894656,auto
1761592541.8363764,39.85258412361145,0.35767108791265023,9.625981754851326,20.078809923470427,-0.08077592295927585,0.08459771352979269,-0.016154188118713674,-0.0026933827324076625,-0.002522933510037576,0.001066526721272932,0.4,0.023456137485808964,0.021535900006140744,0.00022428089422805644,auto
1761592541.9397655,39.95597314834595,0.3493617415325844,9.634687202310941,20.078327214457655,-0.07838211923848881,0.08210077090882595,0.0020957650912497416,-0.00022201230332075648,-9.306828489924956e-05,0.001075524258362655,0.5076065235874768,0.003651901216001068,0.002617469078080137,0.0002135569796855403,auto
1761592542.0454316,40.06163930892944,0.3411175594699984,9.643324211199209,20.07769087981316,-0.07665959127947382,0.08031494410032433,-0.008961796117989824,-0.0021652081321801796,-0.0019302852664965539,0.0010880524002275286,0.4309348119646657,0.011866701118887591,0.010692304002537806,0.00018687160195337164,auto
1761592542.1498706,40.166078329086304,0.33314956419078195,9.651671668927012,20.076997004081065,-0.07505458693680668,0.07864549228904393,-0.0066488578030578505,-0.003271710202160126,-0.003022111847237101,0.0010947862500242866,0.4502104712962083,0.017112146624398562,0.016206551183449255,0.0001768473509995758,auto
1761592542.2527454,40.26895308494568,0.3254772745684328,9.659709046809029,20.07624142137853,-0.07363412392952869,0.07716305297674457,-0.008372431292874656,-0.003885424334814821,-0.003688402139271976,0.001101935720182252,0.44423007819032495,0.011663630884650004,0.011515988886876636,0.0001620704284452799,auto
1761592542.362254,40.378461599349976,0.31753766918223486,9.668026167511849,20.075332954884704,-0.07123293835461156,0.07464407805846478,0.0003603535378819845,-0.0020214668290490104,-0.001965954150322363,0.0011077053574077747,0.5056188592532896,0.009284249478972509,0.009544739355721851,0.00014864325970323036,auto
1761592542.4663215,40.482529163360596,0.31017673992581274,9.675736938129317,20.07448935628983,-0.06986488194620713,0.07320033968568712,-0.004775086212879126,-0.0025911203727646565,-0.002569316719007938,0.0011202441353589667,0.4744843287865854,0.01042983794866998,0.010710679369885154,0.00011751215740645196,auto
1761592542.5709589,40.58716654777527,0.3029197198971706,9.683338911300808,20.073626686174975,-0.06845727153446571,0.0717108104196045,-0.0024125738141892727,-0.003083089821334058,-0.0030537935386943716,0.001131765388487823,0.49052310363395496,0.008798122000390152,0.008920076957218337,9.423018791005259e-05,auto
1761592542.6753566,40.691564321517944,0.2958520736125972,9.690742637061604,20.072861911493455,-0.06705985380277833,0.0702335370497821,-0.00613908005064677,-0.002763753552802972,-0.0027187588842339638,0.0011396221042598931,0.4,0.0028660514954969383,0.002869226687714397,8.016862243998201e-05,auto
1761592542.7819526,40.79816031455994,0.2887978836007442,9.69813232118297,20.07206247252269,-0.0656451393201105,0.06874527136953712,-0.012785340337025592,-0.002524812695957512,-0.0024391024411380456,0.001145158521724809,0.4,-0.0005213631035450874,-0.000750906295213197,6.893440121291797e-05,auto
1761592542.885247,40.90145468711853,0.2821236928792084,9.705123953934159,20.071263587046406,-0.06420393181754155,0.06723657693327019,-0.010736243830878038,-0.0013332881912552828,-0.001233042786481312,0.001148568211451921,0.4,-0.006913181713020142,-0.007177503758392073,6.025599035596364e-05,auto
1761592542.9903758,41.00658345222473,0.27548239179240175,9.712081092408727,20.070575015150812,-0.06263528052538019,0.06560219355778818,-0.011239194216557141,-0.0006447799739191028,-0.0005307661371002762,0.0011511820869527353,0.4,-0.007097433794116447,-0.007399572568418171,5.203884716123316e-05,auto
1761592543.0973077,41.11351537704468,0.2688819309553386,9.718995286524626,20.069959822292773,-0.06117991358557331,0.0640848373010205,-0.001452702849960779,-0.00011631239992120045,-1.0894913531712199e-05,0.0011528733685333193,0.4,-0.014394070239689742,-0.014247841617590861,4.3995397582596506e-05,auto
1761592543.2016435,41.21785116195679,0.26259784569158656,9.725577748658628,20.069265770472487,-0.059517116500244834,0.06235195005841729,0.0027766486829811157,0.0005076535494238205,0.0005625404875700454,0.0011495248525710355,0.5177254239181514,-0.008979949285729039,-0.008741582251131376,4.9166569861135287e-05,auto
1761592543.3050659,41.32127356529236,0.2565053012789365,9.73195943719156,20.068617939536562,-0.05804544202181288,0.06081757057980632,-0.00812355216373989,-3.6300611296643907e-06,2.695586745196589e-05,0.0011454643560504915,0.44069889817150637,-0.000789456498031171,-0.000545528804083615,5.127737384568e-05,auto
1761592543.4063287,41.42253637313843,0.25069386770060625,9.7380464131917,20.067718142569706,-0.056344667644831654,0.05903212715665515,-0.0025095635903634814,-0.003084974053357828,-0.002986799106273717,0.001141661169383772,0.48969483292462956,0.017217335346552697,0.016925836015526954,4.998374950189677e-05,auto
1761592543.5097852,41.52599287033081,0.24485998130994266,9.744157069794815,20.06688556725021,-0.05543642332875336,0.058072295312657916,-0.010447848544557343,-0.0034391225485035887,-0.0033532648671303236,0.0011310629690729182,0.4,0.013471057636011415,0.01331336840621798,6.813860760507584e-05,auto
1761592543.613208,41.62941575050354,0.23918597853697357,9.750100442058764,20.066023141288298,-0.05437305817178798,0.0569495122149235,-0.004269089422932124,-0.003028270989293103,-0.00295866244288899,0.0011232745401780926,0.47860769332816017,0.005626484983809084,0.005606293845337075,7.30973382808709e-05,auto
1761592543.7185404,41.734748125076294,0.23353839690836672,9.756016255961281,20.065242824592563,-0.05332114249319255,0.055840750817610224,-0.008280660360145574,-0.0021571229588854225,-0.0021009601040254022,0.0011198864803391444,0.4,-0.00195049802026172,-0.001907425624143031,6.706952415728994e-05,auto
1761592543.8250573,41.841264963150024,0.22796232511874553,9.761857279392425,20.064315005032324,-0.05196837784955057,0.05442170646981777,-0.012805068039917688,-0.0015315029417128667,-0.0014648188051930061,0.0011186385535531572,0.4,-0.005149009418431056,-0.005190000353047327,5.968557402256726e-05,auto
1761592543.9298959,41.94610357284546,0.22260603287336353,9.76746804323345,20.063471047983654,-0.0508352919422216,0.053236240070475796,-0.009244663940611644,-0.0006464326975658914,-0.000578304763946701,0.0011181496298527005,0.4,-0.009862284026812964,-0.009850644602351867,5.276052059013904e-05,auto
1761592544.0348961,42.051103830337524,0.21736209712872528,9.772961022974192,20.06257280226927,-0.049516547705819695,0.0518613696758906,-0.005017340508826892,-4.948733331520624e-06,6.027754260637386e-05,0.0011176184560590203,0.46899045644813186,-0.009558642473192443,-0.00955125400315834,4.7593009765948985e-05,auto
1761592544.139704,42.155911684036255,0.21224715433524385,9.778318823127284,20.061788982438166,-0.04824647186124782,0.05053965025234563,-0.0029060808954297617,2.071701985810565e-05,8.809801089872856e-05,0.0011177248495442362,0.4782274489260166,-0.007232227941490173,-0.007174635253803313,4.103495569871508e-05,auto
1761592544.2451148,42.26132249832153,0.20722182596160973,9.78358271253244,20.061089304831732,-0.04705070590787367,0.049293521827786485,0.001940743046904149,-0.0001102285937304941,-5.657893304354878e-05,0.001118879514556517,0.5073762005273246,-0.0031036613840425514,-0.0029903911640945064,3.219359359294226e-05,auto
1761592544.3505836,42.36679124832153,0.20231005392129653,9.788727568424575,20.060405477407908,-0.04583220162842653,0.0480199996692102,-0.0026959115183056836,-0.0004290684486090504,-0.0003953449146764916,0.0011196798926721347,0.47801659221533294,-0.0008163839420779084,-0.0005911175479729979,2.5039002274792783e-05,auto
1761592544.4565015,42.47270917892456,0.19749323106602526,9.793772933627896,20.05974846727415,-0.04474026295885382,0.0468746558940998,-0.001597311810834388,-0.000954671112209468,-0.000929750795185816,0.0011197580170229278,0.47737345891279637,0.005992421871350049,0.006050876374530454,1.958976213862702e-05,auto
1761592544.5616524,42.57786011695862,0.19282143247867023,9.79866635044345,20.059076313776192,-0.04371474213892271,0.04579563837201655,-0.009511078470364052,-0.0014137941183317777,-0.0013947335265921661,0.0011184261997434744,0.43120724512545355,0.004350471990571662,0.00452141335524661,1.7454907084620445e-05,auto
1761592544.6696131,42.68582081794739,0.18813987567485996,9.803569981622825,20.05830421048962,-0.04262575000953231,0.04464960960459367,-0.0006476085988894771,-0.00171152561248839,-0.0016864461539904826,0.0011160335868009915,0.49196660245419066,0.006923967651271996,0.00690845245446136,1.6296336153762874e-05,auto
1761592544.7754416,42.79164934158325,0.1836604602056344,9.808261855876983,20.057729157917645,-0.04175495566557126,0.043730651498200226,-0.0005997435658820632,-0.0020925363532493277,-0.0020431554093483834,0.0011135205710575515,0.4814687918635995,0.006140634191236057,0.0060054342553908235,1.480133511840912e-05,auto
1761592544.880311,42.89651870727539,0.17912547817221378,9.812615739788022,20.055799939876053,-0.055377167429993206,0.029458676106388946,-0.053104674828863094,-0.0791986414045534,0.08011570107280346,0.0021977279464710487,0.35000000000000003,-0.2,0.2,-0.005414946729574394,return_to_launch
1761592544.984737,43.0009446144104,0.1686184318220489,9.808011814087514,20.044594861438505,-0.1273532935092751,-0.1518157429004166,-0.1727534391570107,-0.3126617970013119,-0.01210274604958932,0.0012766450670434106,0.35000000000000003,-0.05197319103737241,-0.2,-0.0013307541569379708,return_to_launch
1761592545.0938425,43.110050201416016,0.15851964723476383,9.774909870607638,20.014638873910343,-0.04763796475052461,-0.455823629495631,-0.366491712155607,-0.3032931631761146,-0.06112578976764018,-0.0006224544681434306,0.35000000000000003,0.2,0.2,0.002598464177813572,return_to_launch
1761592545.198665,43.21487259864807,0.15378226617359353,9.715642134820468,19.96755153911725,-0.047149648904608286,-0.6662486347874366,-0.539152308824336,-0.25123102872794134,-0.026423414445839285,-0.00351872207692802,0.35000000000000003,0.10470001637479251,0.06598213478691908,0.00871543321143368,return_to_launch
1761592545.3005583,43.316766023635864,0.1493874799004778,9.638238093963482,19.903902369597755,-0.047936810132753305,-0.8418932902903183,-0.7126420381659024,-0.19706716314447426,0.004210113079711535,-0.004926851644421077,0.35000000000000003,-0.012462478278449606,-0.12972586057502,0.009807369624802978,return_to_launch
1761592545.4049723,43.42118000984192,0.14490370510869988,9.541996442062938,19.8195340593226,-0.04334072676041392,-0.9968943166461166,-0.9017846067548217,-0.17366142975731746,0.016030591190395762,-0.004792274717123387,0.35000000000000003,-0.025730769784154114,-0.12482023476268765,0.007611875956563839,return_to_launch
1761592545.5090988,43.52530646324158,0.14056037093071064,9.431010780778612,19.715861625152765,-0.039125099728416456,-1.1314873995256995,-1.0899266621084158,-0.15351455952650991,0.009731460373226364,-0.004219594421340029,0.35000000000000003,-0.0002718642621934481,-0.03632676136144202,0.005884930674107949,return_to_launch
1761592545.614887,43.63109469413757,0.13635083899004424,9.305029439927447,19.590593652218434,-0.03661636641174079,-1.2483448185282595,-1.2782101594114217,-0.13741566132500024,-0.0016663739133410823,-0.0035857660869315112,0.35000000000000003,0.01769510931062873,0.03859655821402891,0.004711924488355048,return_to_launch
1761592545.7175832,43.7337908744812,0.1324934661050294,9.171817768263384,19.45000100422538,-0.035688619834767274,-1.344575534364463,-1.4590368085966574,-0.12429926700816234,-0.008820389172246354,-0.003021459816672043,0.35000000000000003,0.026995578649558927,0.05392380934644392,0.0038782476097138766,return_to_launch
1761592545.8216,43.83780765533447,0.12879865769342672,9.027524304374955,19.288839925215186,-0.035025030048529346,-1.4278131242773755,-1.639209010791367,-0.10996668455236178,-0.008023206085469423,-0.002508489709781963,0.35000000000000003,0.013881464291208581,0.025688931146150618,0.0031973994580413974,return_to_launch
1761592545.9268124,43.94302010536194,0.12524765584497347,8.873407818135073,19.106958572612303,-0.033725880602833845,-1.4995079446450437,-1.8177171710755444,-0.09686861816158611,-0.003727880209051103,-0.002045991744718088,0.35000000000000003,0.0021211071712349074,-0.005361802860188912,0.0025878005790068454,return_to_launch
1761592546.0294452,44.045652866363525,0.12194540987820696,8.716354552212566,18.911612151546215,-0.03199857398818444,-1.5590497738547036,-1.9883701074992925,-0.08648359880778707,0.0004953685190551354,-0.001664261109058303,0.35000000000000003,-0.0005660149109144867,-0.021160668070922217,0.0021095967825171,return_to_launch
1761592546.1322482,44.14845585823059,0.11877650085578274,8.553623096857256,18.699043080267288,-0.029962505454934174,-1.5966885640451756,-2.1400555677919586,-0.003909380580977676,0.00022689067515906518,-0.0013595540119068193,0.35000000000000003,0.07398916231326402,-0.011615124341836966,0.0017467397071533994,return_to_launch
1761592546.2360108,44.25221848487854,0.11575375908518082,8.389240415523167,18.47136293880114,-0.028575002773199822,-1.6031630549793014,-2.2714224378930665,-0.06293053565400224,8.000085340702375e-05,-0.001103958883167891,0.35000000000000003,0.2,-0.0026270196183207036,0.0014473197577085585,return_to_launch
1761592546.3440974,44.360305070877075,0.1126966977531469,8.21500730015173,18.21645692374953,-0.027412844385261873,-1.6047653966260946,-2.4195405708555913,-0.053605505600744056,-0.0005749209912959968,-0.0008296455013040929,0.35000000000000003,0.2,-0.0003876085737434123,0.0010533191976411962,return_to_launch
1761592546.4500728,44.466280460357666,0.10983714912579412,8.044928057507162,17.953151467410187,-0.02635139469639864,-1.5974565729603138,-2.553999316227296,-0.03119510286932556,-0.0008012116194119209,-0.0005787119755634976,0.35000000000000003,-0.026123956138864837,0.0027565709289148746,0.0007044789063104366,return_to_launch
1761592546.5552833,44.5714910030365,0.10710377613359084,7.8767600293586675,17.677151790218854,-0.025440732861494838,-1.5884940037482334,-2.6920580095871327,0.002155760113660154,-0.0010984902435452475,-0.0003953768290431378,0.35000000000000003,-0.13956019772857947,0.0033782469632057327,0.0005007327988053975,return_to_launch
1761592546.6611474,44.67735505104065,0.10445071127201122,7.708800041420846,17.38474129626077,-0.024637003628338813,-1.5786659251766118,-2.8332396490703484,0.020595889751523423,-0.001127150309118483,-0.000252842703060745,0.35000000000000003,-0.09802566466748974,0.0018362032710444857,0.0003428791098317763,return_to_launch
1761592546.7713902,44.78759789466858,0.10179746865474595,7.536632333084284,17.066217297468665,-0.02383780690076021,-1.5633021748025406,-2.973170347455957,0.0067384202792211845,-0.000732800862622558,-0.0001394171647956762,0.35000000000000003,-0.11304357724962695,0.0013073922845623915,0.0002381146086548785,return_to_launch
1761592546.876438,44.892645597457886,0.09935394068727647,7.374664253921674,16.747549727954723,-0.0228713125319694,-1.5274329711256107,-3.0969877223060123,-0.03595086712166792,0.00016618485509776055,-4.2644169111423155e-05,0.35000000000000003,0.079693969668732,-0.0023826072214572645,9.69604044819723e-05,return_to_launch
1761592546.9826536,44.99886131286621,0.09694668984835257,7.212287032222834,16.410621930138454,-0.022155447932912194,-1.5061382637567968,-3.221157350272464,-0.006181225022100953,-0.00011971303321571209,3.5651107163340276e-05,0.35000000000000003,-0.053987245461699536,-0.00017784443067110108,6.518854177620245e-06,return_to_launch
1761592547.087519,45.103726625442505,0.09466321667507438,7.055973922315094,16.067679256375794,-0.021513128715727668,-1.4836563658747226,-3.3515384923534173,0.007646821166959687,-0.0003376227718789236,7.974129973071384e-05,0.35000000000000003,-0.08556849353973256,0.0011339207569473538,-2.0979483176425916e-05,return_to_launch
1761592547.1929698,45.20917749404907,0.0924115490999019,6.899882266029972,15.705413204191247,-0.020904873639908256,-1.4587848768230465,-3.4842197024039434,0.015997423189385553,-0.0005011754038342092,0.00010219118324825844,0.35000000000000003,-0.09677013983033386,0.0018081637073054135,-2.4226734787532517e-05,return_to_launch
1761592547.2978437,45.314051389694214,0.09024731555072138,6.7482107953461,15.333083618521066,-0.020363858398154293,-1.4346010026554128,-3.615728162755805,0.008754820304112537,-0.0004089770708253837,0.00011368439264493468,0.35000000000000003,0.02903555523054497,8.794311073488633e-05,-2.526525564947508e-05,return_to_launch
1761592547.4037783,45.41998600959778,0.08812162509297211,6.597845319740353,14.943180839035586,-0.019818000723424274,-1.4075515403641377,-3.743919113571581,-0.0011229047931571087,-0.00022295227973911696,0.00011728967945251488,0.35000000000000003,0.10480986117003618,-0.0012203137149164286,-1.8818016700962277e-05,return_to_launch
1761592547.5090024,45.52521014213562,0.086067675813927,6.451400389756996,14.542767362628371,-0.01927620813635335,-1.378726965221254,-3.864973771902226,-0.008562762381290938,-4.932101836901294e-05,0.00012271752264556672,0.35000000000000003,0.10504790407497647,-0.001504577514042013,-2.726842802407541e-05,return_to_launch
1761592547.617658,45.63386559486389,0.08400294691090411,6.30319153427551,14.116342513829897,-0.018743451219821478,-1.349173676403937,-3.978744024468593,9.712132590036261e-05,-0.00010987507604010846,0.00013459940326454746,0.35000000000000003,0.13590436718823135,-0.002047755853527226,-5.1132662003143395e-05,return_to_launch
1761592547.7222893,45.73849701881409,0.08207130375609996,6.163757858393011,13.694212859823125,-0.018247900375264574,-1.3205284274069802,-4.088163595826511,-0.011244088751699726,7.568788396379175e-05,0.00015205715951126865,0.35000000000000003,0.11572531088851509,-0.0017049284164353043,-8.630360606280581e-05,return_to_launch
1761592547.8267307,45.84293842315674,0.08019038418572842,6.027350107547792,13.261477300596084,-0.01777035061675103,-1.2916814423366594,-4.198728567593629,-0.009140589913581729,4.789782549451706e-05,0.0001592498818496696,0.35000000000000003,0.029113245772003478,-0.0003725739505818095,-8.939143252045165e-05,return_to_launch
1761592547.9283931,45.94460082054138,0.07840463658444162,5.897174504903809,12.83001188860958,-0.017211272079128544,-1.2594603470733627,-4.284677903462606,0.030552972407869906,-0.0004406785900331084,0.00017777947872427898,0.35000000000000003,-0.2,0.0033278893978717786,-0.00012490447029294972,return_to_launch
1761592548.0333261,46.04953384399414,0.0766129781209081,5.766105009992349,12.37527394703875,-0.01689347690225316,-1.2390954361140174,-4.3827361640284535,0.023180451911910586,-0.00045186464184400417,0.00020236870841755077,0.35000000000000003,-0.03640358729291054,0.0013251526633578379,-0.00017514187807096053,return_to_launch
1761592548.1380785,46.15428614616394,0.07486710342989022,5.638004983100917,11.911374826086375,-0.01651919688877343,-1.2135757628105917,-4.476094827831494,0.0011279931331283858,-0.00015028834164468037,0.00020858183994171232,0.35000000000000003,0.06952690099365154,-0.0004533794951176572,-0.00016699312912602331,return_to_launch
1761592548.2448032,46.26101088523865,0.07312989391870246,5.510242526582203,11.428319024004152,-0.016101845112490534,-1.1847731789082463,-4.574647980648784,-0.007074326872471226,1.363337166155598e-05,0.00020074088934323665,0.35000000000000003,0.11277606116051533,-0.001428773053115446,-0.00013809599862435386,return_to_launch
1761592548.345094,46.36130166053772,0.0715393214072211,5.393038929821907,10.965606979810875,-0.015546619416038087,-1.145810362671987,-4.646982583344927,0.018296480231888484,-0.0002467083833452619,0.00020359876942796352,0.35000000000000003,-0.1969835860660077,0.0024172307289155276,-0.0001476146566485446,return_to_launch
1761592548.449734,46.46594166755676,0.06992292262902379,5.273786398656885,10.475377537762977,-0.015279211520171731,-1.1278454604370856,-4.721283308229468,0.027059308183007672,-0.0003527947580927783,0.00022254028256778706,0.35000000000000003,-0.17596390506588505,0.0021811101218581442,-0.00019833942625633992,return_to_launch
1761592548.554759,46.570966720581055,0.06833620165772916,5.156584125773864,9.975481771042888,-0.01495990149962155,-1.1056953517199495,-4.8004528354409794,0.019716356735814344,-0.00024727579455850057,0.0002318084004899439,0.35000000000000003,-0.037209948074691794,0.0003614792925428895,-0.0002084327019077286,return_to_launch
1761592548.6605756,46.676783323287964,0.06677396689042231,5.041081431769359,9.463416006026078,-0.014636026404695409,-1.082984346257221,-4.877681517842158,0.007792646729411244,-9.286714891777308e-05,0.00022851018947353847,0.35000000000000003,0.07323583556937666,-0.0010010349272550011,-0.0001894085063953242,return_to_launch
1761592548.7671344,46.783342123031616,0.06523721684401262,4.927378863926208,8.939379153363081,-0.014276321210072605,-1.0571460044972718,-4.958090952085601,-0.00625187680291126,7.646549575053242e-05,0.00022036480978294374,0.35000000000000003,0.08404323917135084,-0.000997366325099334,-0.00017099414691764685,return_to_launch
1761592548.873617,46.889824628829956,0.06373695835676234,4.816312220325671,8.40708462464295,-0.013925661352850975,-1.0315640206436911,-5.039092757094211,-0.013037259982938034,0.0001445673798763608,0.0002060865420221902,0.35000000000000003,0.06236363303105787,-0.0006227559874553677,-0.00014295912516926938,return_to_launch
1761592548.9792826,46.995490312576294,0.062282025933547626,4.708547411371938,7.870661046610449,-0.013592276851127603,-1.0069503002033788,-5.114929533752876,-0.008160243356877482,7.260642762640204e-05,0.0001939264115322071,0.35000000000000003,0.01446799153277091,-2.8305340311209857e-05,-0.00012597471558353562,return_to_launch
1761592549.0810316,47.09723925590515,0.06092595563939031,4.608067305085098,7.351769301630234,-0.013295570612099607,-0.984948028290733,-5.181803981569066,-0.0051922446150425485,4.9493170602578595e-05,0.00018295559523990812,0.35000000000000003,-0.1611647790464084,0.002097744850514267,-0.00011052616539054587,return_to_launch
1761592549.184629,47.20083665847778,0.05955776126330887,4.506458646331802,6.807537062341229,-0.012870691324565977,-0.9549113769624568,-5.228822215334906,-0.016214906430224465,0.0003445506015160839,0.00020688751706162843,0.35000000000000003,-0.028206272865061617,-0.0005173741476403156,-0.00018360053090841176,return_to_launch
1761592549.2888982,47.30510592460632,0.0582226773024471,4.4073508753065616,6.259447601552168,-0.012620881823871888,-0.9373535044993899,-5.285503020605043,0.007941377400157285,-1.9371943788613086e-05,0.0002226747878956704,0.35000000000000003,-0.09267226659143898,0.0009252399850562996,-0.0002087499306174084,return_to_launch
1761592549.394889,47.411096811294556,0.05689483088879602,4.308793573110349,5.695760059604618,-0.012365452798857491,-0.9185497437286108,-5.348847473070098,0.02095181016700544,-0.00025248452551654383,0.00021729139708459645,0.35000000000000003,-0.1203982357349404,0.001717255886790543,-0.00017986971547589566,return_to_launch
1761592549.4997296,47.51593732833862,0.05561267260460534,4.213642921606779,5.1319219208433084,-0.012111545877606987,-0.8992377523634287,-5.409522233079936,0.007182097849283779,-0.00010724096787845263,0.00020910826589176477,0.35000000000000003,-0.017015496696545493,0.0004638481515857333,-0.00016127124554259675,return_to_launch
1761592549.6047788,47.620986461639404,0.05435578740761475,4.120389097374127,4.560367923867501,-0.011846720815916714,-0.8789685329157614,-5.471938781277059,0.0008795681833375256,-3.422141450500666e-05,0.00019389452178953973,0.35000000000000003,0.027865348949130342,-0.00018568273570240915,-0.00013024040059578324,return_to_launch
1761592549.7085464,47.724754095077515,0.05314208781336115,4.030364308107843,3.9894045555751676,-0.011575968894023753,-0.8583811764494457,-5.532239150660261,-0.006222536917291032,6.940557676025637e-05,0.00017817885018083556,0.35000000000000003,0.042571204265961934,-0.0005034138346590212,-0.00010505834874881198,return_to_launch
1761592549.8086164,47.82482409477234,0.05199574000490096,3.94536109619259,3.433234436843632,-0.011317557291437432,-0.8387470747846741,-5.580324699127933,0.019030512426503925,-0.00024733992918409746,0.00017081135253963503,0.35000000000000003,-0.019964298291019877,0.00018222928928277992,-0.00010174176498088521,return_to_launch
1761592549.9142184,47.93042612075806,0.050818440099007635,3.8581003403610667,2.841572938064512,-0.01107797023424392,-0.8209468104547507,-5.626012887164611,-0.002058500918747425,5.2706201429940646e-05,0.00017730970517709058,0.35000000000000003,0.05098151557004509,-0.0007950726097237402,-0.00012911847686292396,return_to_launch
1761592550.019517,48.03572463989258,0.049668170421355365,3.7728742356991973,2.2465606140291854,-0.010838011885684484,-0.8031420108655329,-5.673784777688822,-0.013270765074866268,0.000196665735488061,0.00017790361727133936,0.35000000000000003,0.10025951083079143,-0.0013496065256150048,-0.00012889682817285167,return_to_launch
1761592550.1248274,48.141035079956055,0.04854035034874879,3.6893304716351882,1.6654148065492342,-0.010685929816775783,-0.7917007972667716,-5.015204671948157,-0.01216081300737401,0.00020904626924888318,0.00017199472506798343,0.9,0.1613965411053952,-0.002109335850935027,-0.00011787877846151339,return_to_launch
1761592550.2306478,48.24685549736023,0.04743364889318975,3.6072191635614717,1.2030063615639215,-0.01040609660337059,-0.7846563011018899,-3.74883812440441,-0.030720553282700645,0.0006617125717440667,9.360237345780375e-05,0.9,0.2,-0.002532191297173527,7.86640227779696e-05,return_to_launch
1761592550.3376532,48.35386085510254,0.04632701775798346,3.525410078583025,0.8565730245958417,-0.009873446220192685,-0.7519284910846674,-2.8167803576695327,-0.04570494323433562,0.0008235661236154774,-2.972767892810274e-05,0.45714932896603977,0.17413806179551433,0.002129760895668971,0.00031628035300146915,return_to_launch
1761592550.4433293,48.45953702926636,0.04523690904022533,3.445476169275253,0.6060707849423977,-0.009534752272376296,-0.7327718606291087,-2.011487920503622,-0.006873471759757558,0.0005141071723194455,-0.00015416751327450848,0.5558728967924103,-0.1472703931584747,0.009858310083553118,0.0005550234709806494,return_to_launch
1761592550.5484946,48.56470227241516,0.04416270603126539,3.3674983968353076,0.4318885049277519,-0.008318410140444571,-0.7222472063004195,-1.3179892725393827,0.03106288123184018,-0.0025714475943128304,-0.00013773894342873673,0.9,-0.2,0.031601580232402726,0.0003144225657406542,return_to_launch
1761592550.655241,48.671448707580566,0.04311365591149041,3.290045699908965,0.31820274381517455,-0.009322461198129692,-0.7141198965822751,-0.795051437294882,0.047142367587333825,-0.005760911542118252,-0.0004932842484793772,0.7120975344105351,-0.2,0.030706575970800884,0.001295010394669927,return_to_launch
1761592550.7635012,48.77970886230469,0.04206960985387831,3.2131600797150144,0.2552513373528614,-0.009735321703098557,-0.7052177033896841,-0.32666034311366376,0.044829556796196615,-0.006013193350470894,-0.0004940987858027294,0.9,-0.09000772928821837,0.015342205280511915,0.0010015524708744629,return_to_launch
1761592550.8653038,48.88151144981384,0.04113645595641879,3.1423142759782925,0.23575408563113148,-0.01078232000764958,-0.7047169652365972,-0.0718516933659408,-0.006911593452101968,-0.001576923447597621,-0.00026601913656660887,0.44912109484842344,0.2,-0.020065553209178813,0.0003933678189925574,return_to_launch
1761592550.9706933,48.98690104484558,0.04016449037116378,3.0699719643916548,0.24429063282322552,-0.010663637427649718,-0.6819096526361448,0.21308897263177717,-0.02790515783301522,0.0005991304786529881,0.0002023310286753307,0.6178318375576982,0.19175311031346026,-0.03460412548585311,-0.0006491416345642667,return_to_launch
1761592551.0754046,49.091612339019775,0.039232732322806954,2.9998737885238898,0.27538699889689716,-0.010325669984615557,-0.6620592034220735,0.3691169636183029,-0.025937747368682602,0.00420196920679593,0.00046440895932317345,0.4,0.1059503599279065,-0.049319278766020505,-0.0009540336958586541,return_to_launch
1761592551.1792548,49.195462465286255,0.03831333000444472,2.9309883720823517,0.3245001264627312,-0.009610578425247405,-0.6431187051693011,0.5281642259534896,0.00017746715400566646,0.007533017248822608,0.0004756181880901255,0.4,-0.1083838891622688,-0.05656145433911513,-0.0007068884819802881,return_to_launch
1761592551.2837677,49.29997539520264,0.03741317783925122,2.8634214959278346,0.386541117252527,-0.008376672109911583,-0.6326882764448725,0.6351167440934967,0.03317741321300833,0.0094883928004855,0.0001481121680699698,0.4,-0.2,-0.04334478170148574,0.00023557799488500763,return_to_launch
1761592551.3873098,49.40351748466492,0.036519920107434094,2.7980156234057985,0.45702640767326885,-0.007219848695825783,-0.6235444582024134,0.7146718788193168,0.04506616009520345,0.00710741652823935,-0.00037894174113292986,0.46966153299919405,-0.19166224942196003,-0.00914315837731784,0.001349890775356642,return_to_launch
1761592551.4916444,49.50785207748413,0.03563280038550027,2.7335463380551484,0.5341315714657573,-0.006462474832309858,-0.6160251247857398,0.7543173283754002,0.03888731500281642,0.0020162506828690554,-0.00095696991849833,0.4,-0.05336459904851484,0.029632399595839697,0.0022922100503058877,return_to_launch
1761592551.5960295,49.612237215042114,0.03476037849134411,2.670565209635333,0.6149784628403603,-0.006584118346749251,-0.6026353462852072,0.784878024923053,0.01627260563281013,-0.0040768009398782406,-0.001464948882679019,0.44945665330602996,0.08740011463142093,0.05283523091762684,0.0029973569758046485,return_to_launch
1761592551.7004108,49.71661853790283,0.03391489865316544,2.6090255310222914,0.6976903789414924,-0.007283514544752715,-0.5880379203123702,0.7953394250209134,-0.0038203897039308255,-0.00797941297433465,-0.0017862513304915276,0.4,0.18452724650630767,0.0517124146821313,0.0033064657098374273,return_to_launch
1761592551.804121,49.82032871246338,0.03311817418824315,2.5492256868244234,0.7803054589727934,-0.008100185942560316,-0.5723852671620424,0.7976612917486995,-0.015789328832307152,-0.007369524652471618,-0.0019857763461332088,0.4,0.18208482832076836,0.026337547842908142,0.0034726901755807596,return_to_launch
1761592551.9067929,49.92300057411194,0.03235923724170798,2.491287446956277,0.8614111649293347,-0.008692818064405531,-0.556311864923947,0.7821568949677652,-0.012824519170951343,-0.0030503663324992865,-0.0020625382437170717,0.4,0.08293685177846824,-0.01213932139259462,0.0034324489178272463,return_to_launch
1761592552.0112445,50.02745223045349,0.03160601802922266,2.433621964272078,0.9422403712015806,-0.008448250105805542,-0.5415793512426404,0.761064427688449,0.00019836256837994434,0.0019448051674472078,-0.0019992131377986363,0.41602168802379125,-0.04597941759549264,-0.03684120230486347,0.0031409725795111835,return_to_launch
1761592552.120297,50.13650465011597,0.030822114726567016,2.374831137771441,1.0242323599014462,-0.008244362880623635,-0.528801749749771,0.7386668592749716,0.016470590913406954,0.0053292409875126765,-0.0018456972841792761,0.4398007685728701,-0.04479810494829994,-0.04541753626499312,0.0028128134389866105,return_to_launch
1761592552.226223,50.242430686950684,0.03004486191608282,2.319352877908299,1.1008505894169527,-0.007447518946989689,-0.5180164955616986,0.7079460747878218,0.013706819873953802,0.006476989236997698,-0.0015656891293592393,0.43320706663135694,-0.0013976132274892239,-0.03562256044936299,0.00224034947758812,return_to_launch
1761592552.3363626,50.35257029533386,0.029238019144895495,2.2630012822898475,1.1770362385114337,-0.006985889143150473,-0.5068565974140947,0.6733012959421563,0.005595205531384791,0.006169760983120356,-0.0012584563767144687,0.4135925728218621,-0.04833732609493056,-0.003925862296838037,0.0017933346034014822,return_to_launch
1761592552.4422421,50.458449840545654,0.02843181971981239,2.2103856142803764,1.2469899095191375,-0.0064213652098802695,-0.49069772061943334,0.6405474603469484,-0.015621791124217375,0.0027373156734876035,-0.0007596095333446753,0.4,0.09192462144199011,0.008817590312060294,0.0007712075757169451,return_to_launch
1761592552.5476828,50.56389045715332,0.027645856103931856,2.159025992683597,1.3131125537895325,-0.00622907547987021,-0.47920630587948354,0.6059668977096103,-0.0076551085432041855,-0.0012824674509896838,-0.0002920309093885203,0.4,0.005565404798199714,0.028083357421284302,7.163092381750962e-05,return_to_launch
1761592552.6546118,50.67081952095032,0.026878280473001167,2.1079979911688755,1.3766015364184698,-0.006351854547609661,-0.4679263794507715,0.5768420788202784,0.004218516118674574,-0.003956668518243663,2.2175842185138624e-05,0.4351062309544116,-0.05700113940117325,0.03178879487055469,-0.00023929912492021954,return_to_launch
1761592552.7589333,50.77514100074768,0.026164731610495772,2.05934118548655,1.4349990418080254,-0.0067031244869393295,-0.4577836516035379,0.5418413324257632,0.017234577805547834,-0.004713426700421172,0.00019211883160034115,0.4,-0.10266284628937919,0.023220766223822593,-0.0003314225321312211,return_to_launch
1761592552.8660152,50.88222289085388,0.02546644844680083,2.0105700271439906,1.4911878874242095,-0.006794275592737022,-0.4472102513361451,0.5092034511426007,0.02147044717656723,-0.0035687481210205166,0.0002968210497230743,0.4,-0.1400113964449634,0.008617937841033619,-0.000385320296917893,return_to_launch
1761592552.9710147,50.98722243309021,0.024810361973321492,1.9637806437128678,1.542815595737415,-0.006794881245884976,-0.4396563766949532,0.47808245066177746,0.02824578748127883,-0.0014599060701559038,0.00032371436087913204,0.4409993184694869,-0.12558167779162144,-0.007120638936315102,-0.0003312850147361889,return_to_launch
1761592553.074799,51.09100675582886,0.024184215988159428,1.9185752300792904,1.5905626575948044,-0.006552010130537791,-0.43220450826477674,0.44676623839682983,0.024324144425288435,0.0009197603467215702,0.00031184667942303206,0.4466669708768439,-0.04482415532961572,-0.01758056984273642,-0.0002470121353098052,return_to_launch
1761592553.1797316,51.19593930244446,0.023566405031324834,1.8739000198033002,1.635649409766678,-0.006120498738574431,-0.42394440316829407,0.41198197013698906,0.014969632455880304,0.0023901186444945633,0.00029259947677038646,0.41813737048612737,0.02253067752170492,-0.0184201901292851,-0.00019536853347697344,return_to_launch
1761592553.2851734,51.30138111114502,0.022957585249416053,1.8300317928746412,1.6778126102953266,-0.00562589369006378,-0.41385153544015146,0.3817135382566733,0.005087247175969056,0.002540884427834257,0.0002793632256765372,0.40368207879086454,0.07553891455149482,-0.012547444970953912,-0.0001826129532148658,return_to_launch
1761592553.390956,51.40716361999512,0.022362497703463505,1.7870228991770385,1.7171184941462,-0.005214998188722189,-0.4035118071068523,0.35405869567796666,-0.0003916216098607691,0.0017180767040922045,0.0002671840267591082,0.4,0.08588584904733275,-0.003100118480092789,-0.0001706324570263479,return_to_launch
1761592553.4961405,51.51234817504883,0.02178552528755395,1.7452424615047721,1.7533010402940794,-0.004978586353312839,-0.39279673236529067,0.3271426838437357,-0.0034459969763447063,0.0003397035900992852,0.0002534191504386649,0.4,0.041581889083854386,0.0073922074598955795,-0.00015083165675262812,return_to_launch
1761592553.6068187,51.6230263710022,0.021194443277344276,1.7022796765466175,1.788544876998104,-0.00482479440017976,-0.38192368146790184,0.30169882127012665,0.005404834696100258,-0.0008601779352789309,0.00023797823279473172,0.41023933780818966,0.02483181036629964,0.011821826866959331,-0.0001303187921629644,return_to_launch
1761592553.7117589,51.72796654701233,0.020655143441171794,1.6627464432967884,1.8194513394596583,-0.004857466690470767,-0.3724683022627794,0.2823847045161993,0.0012600806255344728,-0.0017340967796754746,0.00019952472352338386,0.4336909843362187,0.03203254514548702,0.01250777038490769,-4.44781755006629e-05,return_to_launch
1761592553.8172975,51.833505153656006,0.02012723532884375,1.6238313094036447,1.8480658261568284,-0.004955521652497343,-0.3642508815461659,0.2571524181702276,0.003140685665436504,-0.0019601858181026582,0.00016042126752951593,0.4199550137546722,0.008332060618676628,0.008593056877565786,1.8989627237047177e-05,return_to_launch
1761592553.9249592,51.94116687774658,0.01960604315955824,1.5850185323961992,1.8748810173335824,-0.0049469513324216265,-0.35476953597570315,0.24083889321760424,0.00520401878559552,-0.001474049210062499,0.00013054761864649653,0.4544139537698696,-0.02192473900337962,0.0032135100894400527,5.4850129458944946e-05,return_to_launch
1761592554.0307453,52.046952962875366,0.019106740299371698,1.5477692171983817,1.8991292159483055,-0.004945092531499132,-0.3471905774204727,0.22177364855782022,0.008432814298676478,-0.0006896834947455476,0.00010785227603683579,0.4524374400714965,-0.027757399823653897,-0.0027544863730442734,7.854523662339762e-05,return_to_launch
1761592554.1365001,52.15270781517029,0.018619713303442573,1.5113714359945696,1.9214750992277947,-0.00481078874638127,-0.3394359863264466,0.2004938867095566,0.009993386740136771,0.0002087962702701689,9.329692377758344e-05,0.4,-0.026742507497198517,-0.006826870419994807,8.984286802043943e-05,return_to_launch
1761592554.2395153,52.255722999572754,0.01815480136270296,1.4767313317455208,1.941472526020145,-0.004607184599549923,-0.3325913216103727,0.18170872367396185,0.010397152343531448,0.0008804105031847153,8.696089290956452e-05,0.4,-0.013661129471245134,-0.007786535503292117,8.950095269199404e-05,return_to_launch
1761592554.34737,52.36357760429382,0.017679694103210755,1.4412989682040116,1.9606364103176348,-0.004332847997442943,-0.32360212067535177,0.16873382516133476,0.0138054860376729,0.0010331994522146703,8.172732539875052e-05,0.43314873404526427,-0.03561891156478252,-0.0058478319362027485,9.360644018914823e-05,return_to_launch
1761592554.4508364,52.46704411506653,0.01723499212296,1.4081648888111609,1.9774161724210582,-0.004127684547127007,-0.31751141508559894,0.1529977046008133,0.011238979497326133,0.0007326089696321755,7.26458419272352e-05,0.4,-0.010592755203844048,-0.0015363710183887175,0.00011015101781590803,return_to_launch
1761592554.554918,52.571125745773315,0.016795771713518846,1.3755445472631191,1.9928883851007546,-0.00398532329358091,-0.3107809266049514,0.144829112952309,0.009814962141277308,0.0001255114284882498,6.708109320409923e-05,0.46137485199893,0.005022256346537226,0.0026630871322100855,0.0001147184342593015,return_to_launch
1761592554.65942,52.67562770843506,0.016363030730280694,1.3435228568783588,2.0047420779429213,-0.00397512834499141,-0.3042463547731605,0.04026805141779136,0.0063193397517540975,-0.0005687895927743152,6.49970957741737e-05,0.35000000000000003,0.01843326614791934,0.005126469934634488,0.00011300399363648016,return_to_launch
1761592554.7651455,52.78135323524475,0.015935802684931163,1.3117848096462947,1.9988419914609268,-0.0039865988981199795,-0.2971904508730202,-0.15180802433555232,0.0036917167954574172,-0.000736391952315672,6.840778632944165e-05,0.35000000000000003,0.020869026378013647,0.003570275037804473,0.00010161756001067074,return_to_launch
1761592554.8713374,52.887545108795166,0.015518635491295925,1.2807215444281175,1.9971009095284709,-0.003917726541558248,-0.28895994301029587,0.004081261512913833,0.002364825198970001,-0.0008581278101530767,7.57852782405234e-05,0.47253325022110726,0.014779033640535432,0.003113209640492892,8.471782907718316e-05,return_to_launch
1761592554.978224,52.99443173408508,0.01510793805005073,1.250187177592553,1.9986258400723698,-0.003898971321376071,-0.2817538118269627,0.033611190138580924,0.004230736948661079,-0.0006737868536422038,8.12650597792976e-05,0.5183137825605376,0.0006085358783197471,0.0007803975919217315,7.695285042584469e-05,return_to_launch
1761592555.0891232,53.10533094406128,0.014692281710486274,1.2192554823202995,1.999442603107679,-0.0038134052383604726,-0.2746351263983587,0.07182469377141522,0.005751568711121058,-0.0003389883426209481,8.769214427528286e-05,0.9,0.01724602466691727,-0.0018077251912194455,6.564250257983129e-05,return_to_launch
1761592555.193098,53.20930576324463,0.014313764791122003,1.191038427514147,2.000318727997483,-0.003755029572794241,-0.2678334937371343,0.04244482015453259,0.0039298873827025085,0.00011869995659676035,9.485640536576465e-05,0.4,-0.005230738777618879,-0.0040815410399372785,5.355939207270948e-05,return_to_launch
1761592555.2981093,53.31431698799133,0.013937835991409629,1.1631724577756608,2.0003127913926524,-0.00357598973401756,-0.2616595479678735,0.012964975349322349,0.006139991757240616,0.0005270628827914087,0.0001011757409613978,0.35000000000000003,-0.012478870846723191,-0.004106353690631673,4.395306079219451e-05,return_to_launch
1761592555.406332,53.422539710998535,0.013563848311922522,1.1352410060115659,2.0032050312726777,-0.003392427534692883,-0.25607137257319934,-0.009674773397815167,0.0102427515202098,0.0004097053404508281,0.000104597667893777,0.35000000000000003,-0.02198508663470835,-0.0019891528409483527,4.1708324552487154e-05,return_to_launch
1761592555.5113451,53.52755284309387,0.013207154194917442,1.108522026080836,1.9980152010641203,-0.00328124155613007,-0.2501093066985449,-0.0023186642820745423,0.00796580341936347,0.00029146548527953826,0.00010631374220058702,0.514791662032596,-0.013856580934716693,-0.0001493190912825884,4.1045843758797624e-05,return_to_launch
1761592555.6147702,53.63097786903381,0.012863305270576286,1.082963327275036,1.9983422831981656,-0.0031980247707352554,-0.24439865586597534,0.013979993055365904,0.006767265254098315,2.9607871042281885e-06,0.00010976374580608684,0.4,-0.013286973471137362,0.001826070624044854,3.393454696443924e-05,return_to_launch
1761592555.7191553,53.7353630065918,0.01252246452951058,1.05774677912691,2.000380342044275,-0.003163156821397238,-0.23924950825641125,-0.01118844447952664,0.005826330820942246,-0.0003088676331853256,0.00011410985955580408,0.35000000000000003,-0.0013474657940868516,0.0027129725962299553,2.5525477804150476e-05,return_to_launch
1761592555.8273551,53.843562841415405,0.012176299953357086,1.0322119619160661,2.0008916415344378,-0.0031344394184168443,-0.23335512438015224,-0.05553825812744649,0.009009181677419143,-0.00043593554782935255,0.00011754212701366347,0.35000000000000003,-0.00018640857495620168,0.00226388345640993,2.0465962078184197e-05,return_to_launch
1761592555.9320896,53.94829726219177,0.011849975620513745,1.008146417436838,1.9999838777677532,-0.0031028077403210106,-0.22874518728333648,0.013962838427795611,0.004901653323560992,-0.0003728884683863048,0.000122177863106362,0.4,0.0310321267013052,0.000946151073882912,1.1774843892236455e-05,return_to_launch
1761592556.0368416,54.05304932594299,0.011532130058143651,0.984571900388201,1.99338571960493,-0.0030479872362247124,-0.22332511193926638,-0.15656828678814594,-0.00024174219954036023,-0.000125176015895592,0.00012640175262461527,0.35051229273806317,0.04618167510097971,-0.0006656757927228677,5.036174241932015e-06,return_to_launch
1761592556.1411703,54.15737795829773,0.011221809193003083,0.961562505463238,1.9673303717602153,-0.00296946545419871,-0.21779680027353482,-0.34214744353717025,0.0009680330876512819,4.8346767974320185e-05,0.00012900987108815413,0.35292084987976957,0.01766465069918386,-0.0011752771622930659,2.040714427478542e-06,return_to_launch
1761592556.2480342,54.26424193382263,0.010910326231829758,0.938511611342017,1.920920565460123,-0.0028854556939931914,-0.21272292270554455,-0.5248817136588138,0.003369032343475532,8.450478026533233e-05,0.00013076049970422077,0.3573535706962674,-0.0007884720314896903,-0.0008346034278615508,3.75240390595224e-09,return_to_launch
1761592556.3547816,54.37098932266235,0.010605834709415419,0.9160242973138039,1.855652870187264,-0.002805114308909285,-0.207684653569374,-0.6956870572961741,0.005356764142648891,2.753428175146744e-05,0.00013185770410900944,0.36369760387023453,-0.010884879855510642,-0.00018857202710552,-1.3951671805029018e-06,return_to_launch
1761592556.458123,54.47433066368103,0.010317823132249715,0.8947824507481157,1.775848270375654,-0.002738287395444033,-0.20301481022045212,-0.8460567598668295,0.005800901303566113,-5.638447907980128e-05,0.00013231529281545023,0.3715630431036089,-0.007055953326869948,0.00028573971079404496,-1.9588630582803175e-06,return_to_launch
1761592556.5621479,54.57835555076599,0.01003461308184438,0.8739000154610365,1.680749321752278,-0.00268377384812791,-0.1986243979141834,-0.9790307808252436,0.004951905675858959,-0.00010251529200309097,0.00013228440464334442,0.38088035939634735,-0.000813117542570261,0.00041045467867660876,-1.933117037389008e-06,return_to_launch
1761592556.670291,54.68649864196777,0.009747336378433486,0.8527265246136504,1.5684116926443121,-0.002614323541021588,-0.1928068269107817,-1.0944352298053743,0.0038804327968048774,-0.0001041309481057433,0.00013224354382917707,0.3919787182375727,-0.010355671908501354,0.0004697038681584166,-2.3784548150488842e-06,return_to_launch
1761592556.7736337,54.789841413497925,0.009479603843434417,0.8330025767919931,1.4506560473266283,-0.0025623171404076956,-0.18836920932553142,-1.180399684693186,0.005127300503004203,-0.00010790609705334314,0.00013212053474964065,0.4037368231356754,-0.008593523144140733,0.0002327978839480709,-2.801123524158612e-06,return_to_launch
1761592556.883082,54.89928960800171,0.009202624098281167,0.8126169905856923,1.3177747664039114,-0.002497630726158973,-0.18314192517350444,-1.2425873595648576,0.011644132602116684,-0.0001772091590433452,0.0001327146217461901,0.41693979810151793,-0.03392405498374263,0.0004067212020851864,-5.192251358668772e-06,return_to_launch
1761592556.9876816,55.003889322280884,0.008945542964872856,0.7937119634898158,1.1859900683517157,-0.002451535360905685,-0.1796983055184654,-1.2728046071650112,0.008047076144553033,-0.00010043721751221355,0.00013494084030309206,0.43001082746537383,-0.0044791539163944755,-0.00013382932081851333,-1.100676446315416e-05,return_to_launch
1761592557.0928535,55.1090612411499,0.008693070630401605,0.7751549448580415,1.0517880998057756,-0.0023933369606485458,-0.17555963156606896,-1.274473027485506,0.0038454874110459025,-2.5644495345361016e-05,0.0001362897791473482,0.4434467602750687,0.02054922572221313,-0.0004973623385718257,-1.320303674166929e-05,return_to_launch
1761592557.1968966,55.213104248046875,0.00844930678693151,0.7572470906918702,0.9203309245216507,-0.0023288018150221974,-0.17101767581253846,-1.2477351367451741,-0.0007987065489533053,4.3758818620500715e-05,0.00013658363765278386,0.45662237967379815,0.03326434127736022,-0.0006146461511680444,-1.319262463722903e-05,return_to_launch
1761592557.305106,55.32131361961365,0.008201579710394641,0.7390562740176478,0.7881615161884875,-0.0022653740275894374,-0.16651358794174625,-1.1900823520144272,-0.0016799220274945211,5.220776522894525e-05,0.00013648630179390801,0.4699025526464318,0.035943445910851336,-0.0005767644518361815,-1.312496672685631e-05,return_to_launch
1761592557.4109218,55.42712950706482,0.007965524300933072,0.7217317955489908,0.6664699115657333,-0.0021972615241288495,-0.16160559262955615,-1.105450255046453,-0.0033643937100445377,6.424857994318297e-05,0.0001363686114571771,0.48221961416673387,0.02938255399940677,-0.00038876781527176447,-1.357346285790965e-05,return_to_launch
1761592557.515933,55.53214073181152,0.007737871710914325,0.7050294140242639,0.5564613161864006,-0.002138089505698691,-0.15732347870216765,-0.9962592825773912,-0.0026419078644380847,4.0909909346471296e-05,0.00013626673214928224,0.4932780273279359,0.00643863925988924,2.605063136816542e-05,-1.4085407660549785e-05,return_to_launch
1761592557.6199763,55.636183977127075,0.00751505691325336,0.6886906807672059,0.4590520674074175,-0.002078810940516673,-0.15289713258849297,-0.8631521860844263,-0.0008083546367937309,-3.2084092119751375e-07,0.00013651172061068405,0.5037334304619375,-0.012588011571997475,0.00036140871961125916,-1.541945061878128e-05,return_to_launch
1761592557.7248151,55.74102282524109,0.0072966379123191585,0.6726809642044328,0.3765381856244244,-0.0020271794665028984,-0.14897484501066446,-0.7076913262582816,0.0029025021623473733,-6.559098329978952e-05,0.0001374209290752766,0.5123187753417328,-0.037261441522528374,0.0007416106274125602,-1.8161721285198853e-05,return_to_launch
1761592557.8304658,55.84667348861694,0.007081651683919909,0.6569266678131368,0.310741112371213,-0.0019817650368567597,-0.14547297612153284,-0.5355048958485015,0.006540979980076066,-0.00012727651394054226,0.0001385738445108755,0.5179715876283559,-0.05553559990385956,0.0009963095730101887,-2.100653208448602e-05,return_to_launch
1761592557.9347088,55.95091652870178,0.0068746081931657585,0.6417544750029108,0.26419854024656314,-0.0019421988008932153,-0.14228467912291298,-0.355919964277779,0.009859043265819965,-0.000179779816906208,0.00013986834109094422,0.5213801301034038,-0.06479146513191789,0.001080965764668304,-2.3971670122183358e-05,return_to_launch
1761592558.0414546,56.05766224861145,0.006667201487879709,0.6265603995099476,0.23629474372526527,-0.0019088584135344509,-0.13951209228574346,-0.16596228429425272,0.01371002419740405,-0.00023613258772723337,0.00014185231636702758,0.5231920223320812,-0.07131264580014826,0.0011031712329197256,-2.850407266822224e-05,return_to_launch
1761592558.1494853,56.165693044662476,0.006461658115591584,0.611510654738648,0.22897390664966283,-0.0018783716868786457,-0.13689245630139485,0.031011836502199484,0.01905694210507461,-0.0003099874174523131,0.0001465156450414201,0.5237208857573812,-0.0905218901638728,0.0012936608791485464,-3.924937476267022e-05,return_to_launch
1761592558.2546732,56.270880937576294,0.006265965700102321,0.5971829489651727,0.24249880243118016,-0.0018594716966635724,-0.13514124261486396,0.22506874454113301,0.022084521848328213,-0.00033613509673082343,0.0001557617520948227,0.5230712780850575,-0.07678149442332953,0.0009393689873700147,-5.966738743821616e-05,return_to_launch
1761592558.360055,56.37626266479492,0.0060743867537408,0.5831554596250126,0.27656273569575845,-0.0018462756608184482,-0.13382248125454468,0.41904809129962445,0.02284867104175059,-0.0003172976955802771,0.00016835562915668378,0.5210999385794526,-0.0432958807558678,0.00026303051722306134,-8.399490319048139e-05,return_to_launch
1761592558.4653597,56.4815673828125,0.005887615163614753,0.5694792233225808,0.3308979012266268,-0.001832584010939614,-0.13270774381390205,0.6100654998993895,0.019803144323294795,-0.0002308603972603405,0.00018467663741344645,0.5173454901173139,0.00863796023120423,-0.0006836233635122655,-0.00011372691694516121,return_to_launch
1761592558.5698707,56.58607840538025,0.005707316546819756,0.5562757085164538,0.4042760961766972,-0.0018064802346939763,-0.1310779587548764,0.7924192765297464,0.010271838272269952,-4.64492929212023e-05,0.00020499581355977486,0.5111832322274708,0.09146374352476533,-0.001985847953910487,-0.00014892626084759265,return_to_launch
1761592558.6744177,56.69062542915344,0.005531935058245413,0.5434328042084938,0.4958788329009044,-0.0017603279177021754,-0.12867706598509654,0.9599100351538651,-0.004642603510247631,0.000194319306847407,0.00022904915823203283,0.5016363336452404,0.1752787559916631,-0.0030953823665476905,-0.000190697561911266,return_to_launch
1761592558.7819414,56.79814910888672,0.005355761767046815,0.5305532633135179,0.6069200603996436,-0.001708489298003104,-0.1252029531667223,1.1049650787132834,-0.020912133302650092,0.00040974519115893524,0.00025544259681465817,0.49046833698905573,0.2,-0.0036643018982206767,-0.00023543205877584952,return_to_launch
1761592558.8852348,56.901442527770996,0.0051895132367384585,0.5184409404352373,0.7270560140404551,-0.0016053537388508008,-0.11705222375293249,1.2172324120302087,-0.03418980806105655,0.0005647773729060519,0.00028187143079451725,0.478529169876408,0.19870790875808417,-0.0031206289182301927,-0.00027975794283200295,return_to_launch
1761592558.9911158,57.00732350349426,0.0050224400956198,0.5062834996755048,0.8609464112792896,-0.0015034194077877302,-0.10928478893911557,1.3028935627047058,-0.029553805865006194,0.0005116436565034345,0.0003082854614437404,0.46523282994159587,0.08108984990659418,-0.0016020382233821104,-0.00032134529731813925,return_to_launch
1761592559.096559,57.1127667427063,0.00485943594854281,0.4944214957375434,1.0017370679830178,-0.0014208834236367474,-0.10392664122878945,1.3602536950200086,-0.010197600192051282,0.00025942419242781827,0.00032905429238217187,0.45126638085307724,-0.08311299404151418,0.0007756615294368004,-0.0003460986388001497,return_to_launch
1761592559.2026086,57.21881628036499,0.004699009187842372,0.48275971303633186,1.147342609569975,-0.0013826547308615849,-0.10191197593562198,1.3832053558332327,0.012572345485235784,-0.0001012023856400725,0.0003418471677766892,0.4367556550613454,-0.1837689578232657,0.0026055316097843635,-0.000356456217446468,return_to_launch
1761592559.308912,57.325119733810425,0.004542125789680791,0.47136398625165493,1.2937860712883433,-0.001388166574415194,-0.10221053877856597,1.3695482922273727,0.027899454389892307,-0.00039042794148242104,0.00034749580529217666,0.42208617146693683,-0.19935812902257163,0.0031598677456875987,-0.00035888020383568,return_to_launch
1761592559.415279,57.4314866065979,0.004389601647872477,0.4602712626079293,1.4371962349946112,-0.0014170631639379588,-0.10344944063882466,1.320461230421294,0.030558151896673304,-0.00045970072803902333,0.00034588905971929217,0.40769993713467045,-0.13620663597115132,0.002215382354551888,-0.00035087184238040365,return_to_launch
1761592559.522609,57.538816690444946,0.00423978648617561,0.44936627922853517,1.5749906352731795,-0.0014287949508074635,-0.10381026502236944,1.2389391096706486,0.020858069455058074,-0.00030440509609717416,0.00033543929817078335,0.3938316852602929,-0.029583385956359162,0.00047579528002803564,-0.00032590547349453474,return_to_launch
1761592559.6269226,57.6431303024292,0.004097767513458952,0.43902726153612504,1.6988384231375808,-0.0014052743416946385,-0.10220698706472325,1.1306717053018178,0.0017757822874345864,-8.851389223282172e-06,0.000317464797134196,0.38126350591986,0.08185433050961605,-0.0012189945669640032,-0.00028883099070467,return_to_launch
1761592559.7328453,57.74905300140381,0.003956127994635552,0.4287234011315498,1.8113898439185792,-0.0013491642962126288,-0.09845379101207964,0.9916922609444297,-0.010209682579926643,0.00015714056216614282,0.0002947356511791394,0.36989695273027345,0.10912756702270635,-0.0015097540179077155,-0.00025017536617034957,return_to_launch
1761592559.8461125,57.86232018470764,0.003809379202881713,0.4180495438189901,1.9127876085069633,-0.0013002189097720425,-0.09499119386026612,0.8188653520447446,-0.01235172620673262,0.0001718523916285394,0.00026884350216347655,0.36019741953070916,0.04261849649895893,-0.00043451517432929043,-0.00021546693429003324,return_to_launch
1761592559.9507432,57.9669508934021,0.003672929670910905,0.4081333958519267,1.990390968437225,-0.001242032662864013,-0.09054290386819008,0.6395026037160723,-0.008871792213373812,9.419994446512946e-05,0.00024733305418181965,0.35166487010249176,0.01627946929545465,-1.001531911196475e-05,-0.00018126700558644606,return_to_launch
1761592560.0567818,58.07298946380615,0.0035393039615774615,0.3984168484831829,2.0481577048219948,-0.0012222417330058064,-0.08873971894758936,0.44948439275672647,0.002575382514413249,-6.736675779255697e-05,0.00022793646082054422,0.35000000000000003,-0.03839411708079556,0.000661235133150654,-0.0001556993615101785,return_to_launch
1761592560.161588,58.17779564857483,0.0034102919879525485,0.389031347441949,2.0853242924165363,-0.0012121240964064403,-0.08781538687493531,0.2598991148921969,0.0083492000625995,-0.0001254333006788439,0.00020924661324045433,0.35000000000000003,-0.04624338821423592,0.0005946313438759045,-0.00013013403634501108,return_to_launch
1761592560.268398,58.284605741500854,0.003283072706669798,0.3797777953287688,2.10267637105555,-0.0011981141286099741,-0.08686727424454144,0.06803659518570294,0.0076089415636453085,-9.302750639001117e-05,0.0001916756730902686,0.35000000000000003,-0.02369016870831849,0.00018757211183301924,-0.00010697989791479699,return_to_launch
1761592560.373024,58.38923168182373,0.0031588745627759863,0.3707479995999639,2.0997448180474416,-0.0011719355840656123,-0.08517725802450053,-0.12366538308230915,0.0038265308145388767,-3.3597194369704614e-05,0.00017621228123165125,0.35000000000000003,0.004695228785382422,-0.00017620025562126298,-8.659942723904433e-05,return_to_launch
1761592560.4770613,58.493268966674805,0.003039151805590173,0.3620471127664366,2.0770524761787934,-0.0011430050229057297,-0.0832189250336317,-0.31252347607851483,0.0005796335501378342,2.9936761734069274e-06,0.0001631896963317793,0.35000000000000003,0.016302225371534827,-0.00023830057049526018,-7.095296611264993e-05,return_to_launch
1761592560.581196,58.59740376472473,0.0029217705785465806,0.3535191554148537,2.0346766098617803,-0.001112333184371649,-0.0809677366433831,-0.501227910239636,-0.00023849360523820381,8.08698043417744e-07,0.00015226433589308086,0.35000000000000003,0.012177967893201597,-0.00011096358062013166,-5.8024015288782486e-05,return_to_launch
1761592560.684927,58.70113468170166,0.0028074173519539477,0.3452107575855412,1.972975851691364,-0.0010860882650764946,-0.07895408612173906,-0.6876749107041091,0.0007293464745108011,-1.8913854228644817e-05,0.00014323748679634287,0.3520061999591466,0.002387251804409781,2.6737886515643696e-05,-4.770715499939861e-05,return_to_launch
1761592560.791597,58.807804584503174,0.0026925523954848115,0.3368645727309952,1.8899281966095571,-0.001060360803171982,-0.07699702145446392,-0.8664882369219474,0.0017874630733759386,-3.1729330502143876e-05,0.00013555740352210556,0.3601244419497467,-0.0035618988443748972,7.434052960161256e-05,-3.903500557381662e-05,return_to_launch
1761592560.8944223,58.910629987716675,0.0025845572099063665,0.3290179076354053,1.7927578977069234,-0.001037352896976907,-0.07528241772880664,-1.0201879431434095,0.00245089582842181,-3.514045271220815e-05,0.00012938565259775118,0.3696908722604264,-0.0062775821681478276,7.14851628387075e-05,-3.2217608486874325e-05,return_to_launch
1761592561.0007749,59.016982555389404,0.002475474290209578,0.32109387918136906,1.6768033685459791,-0.0010134009297211018,-0.07355166763137762,-1.1562516598484878,0.002774760681670884,-3.565700698652587e-05,0.0001240648686726029,0.3810816298342834,-0.006817537190157719,6.50076041970036e-05,-2.6420548888630593e-05,return_to_launch
1761592561.104318,59.120525598526,0.002371861278861223,0.31356916737601753,1.5513114452600507,-0.0009911846162436175,-0.0719576205343295,-1.2633422201063391,0.002807630783866501,-3.3381152980405746e-05,0.0001197893653615822,0.39356610052135177,0.01766846187187195,-0.0002699147812704824,-2.1395989949659045e-05,return_to_launch
1761592561.2080371,59.224244832992554,0.0022714639130854202,0.30628246562225864,1.4159248129005908,-0.0009647188726349048,-0.07006479858279635,-1.3424906860800874,-0.0012581011298883986,2.0505343176525287e-05,0.0001166290750802137,0.4070300715213485,0.023808140379215918,-0.000330167535226858,-1.9000214617827427e-05,return_to_launch
1761592561.31272,59.328927755355835,0.0021722099510869254,0.29908044915470633,1.272501844578254,-0.0009373802553192497,-0.06807271011983324,-1.3925487808685804,-0.001617635385484711,2.224176704652064e-05,0.00011403048173333816,0.4212822912153743,0.015712001520458596,-0.00019869112237822265,-1.6735190488906514e-05,return_to_launch
1761592561.4192858,59.43549346923828,0.0020735477663325797,0.29192337854376554,1.1228122196361323,-0.000908723700016762,-0.06595180043265911,-1.4113479112990621,-0.0008352821482241442,8.97262195613264e-06,0.00011158342998791212,0.43627108158960415,0.004934872752066229,-4.325865971094251e-05,-1.4015193862107798e-05,return_to_launch
1761592561.5239959,59.54020357131958,0.001979036853875098,0.2850691201935092,0.9754798186291436,-0.0008853696985032045,-0.0642103668583476,-1.397482302752793,0.0003344716300386025,-8.322455244588011e-06,0.00010947562065528039,0.4509479667441244,-0.006424893831285656,0.00010912971962034917,-1.1846946349954597e-05,return_to_launch
1761592561.627326,59.64353370666504,0.0018880119758315952,0.2784688764774926,0.8331364821069557,-0.0008647485769758889,-0.06266589206757955,-1.352563473614724,0.0015382536433573948,-2.4454988317955775e-05,0.0001076842640582324,0.4653038753214117,-0.010326587132440902,0.00015090407604158006,-1.0064492311804525e-05,return_to_launch
1761592561.7330544,59.74926209449768,0.001797060153463083,0.2718753760446211,0.6939401953099172,-0.0008450221408400387,-0.061199474067536556,-1.2754000016586728,0.0024775567553560803,-3.618619430685742e-05,0.00010612266200744939,0.47919762957110085,-0.016602546792271577,0.00022402147066243972,-8.680028277859565e-06,return_to_launch
1761592561.842735,59.85894274711609,0.0017051208893657938,0.2652119664581645,0.5598959824014392,-0.0008170469485315519,-0.059141106358088946,-1.1636135289238771,0.0036881554040947974,-5.187291855310864e-05,0.00010494085839128682,0.49276592873248815,-0.026671596748908927,0.0003553715509592581,-7.941007447522446e-06,return_to_launch
1761592561.948491,59.964698791503906,0.0016187563940713962,0.258954357972995,0.44380179951895693,-0.0008030793344068484,-0.05809424491889985,-1.0272901582778282,0.005146399337685387,-6.970051864079485e-05,0.00010420617846489034,0.5052331050451644,-0.025672658396508244,0.00032830998183248136,-7.927751929287246e-06,return_to_launch
1761592562.0544496,60.07065725326538,0.0015342101172768953,0.25283092465813956,0.3433650142536315,-0.000789421265878654,-0.057086494576786426,-0.8649638573983456,0.005890641333117823,-7.761686501277598e-05,0.0001036713308622709,0.5150509680743068,-0.02298805367305677,0.00028098770947193103,-8.02077526677953e-06,return_to_launch
1761592562.1605499,60.17675757408142,0.0014515699998287502,0.2468477675471611,0.26102704476061,-0.000775643414019144,-0.05608167493109302,-0.6850005022305025,0.005819684406577964,-7.404867937356932e-05,0.0001032934855855417,0.5213515619505197,-0.014168954229027614,0.00015212715736298826,-8.22965143185947e-06,return_to_launch
1761592562.2651205,60.281328201293945,0.0013720808138298496,0.24109521183225724,0.19914788409282672,-0.0007623949886007426,-0.055143224546369135,-0.4973692837052635,0.005060973662051352,-6.11228550310984e-05,0.00010303895311384643,0.5249921489852372,-0.002874997101700428,-5.302869105863782e-06,-8.54303672979362e-06,return_to_launch
1761592562.370082,60.38628959655762,0.0012940616198799874,0.23545087761392483,0.15709420736704324,-0.0007510663546559607,-0.05436743327214656,-0.3033582321489356,0.0040301713912558,-4.514342330831834e-05,0.00010297784175294737,0.5269075602864721,0.010557491032328798,-0.0001781164651665797,-9.189256553262038e-06,return_to_launch
1761592562.4749672,60.491174936294556,0.0012178291506324665,0.22993816416744442,0.1355764257917033,-0.0007408916838130669,-0.05370459739704534,-0.10653877908711704,0.0016977725767992385,-1.3168579097784774e-05,0.00010322516553758282,0.5277553725566007,0.030688208267012795,-0.00043544009729845384,-1.0401860485695973e-05,return_to_launch
1761592562.5874445,60.603652238845825,0.001137642592437004,0.22413992338164113,0.13552007360921045,-0.0007305004968241777,-0.0529583143080678,0.10584709439636494,0.0018324787851216363,-1.1022917998297921e-05,0.00010408471883012559,0.5278479266719258,0.043048317316506046,-0.0005623563017257597,-1.259942129422074e-05,return_to_launch
1761592562.6929965,60.70920419692993,0.0010651699832656411,0.21891117322904696,0.15722325564941037,-0.0007094734027088739,-0.05154111289840592,0.3058290040744533,-0.0048860277716654,7.738195054197065e-05,0.00010614295796555737,0.527146584165798,0.0766346854472651,-0.0010104851400671243,-1.7808593786660835e-05,return_to_launch
1761592562.7987113,60.814918994903564,0.0009940758904879853,0.21378408148732603,0.20001634432529217,-0.0006942183236698771,-0.05056256111446583,0.5039305140048279,-0.009848759141359116,0.00013754641765962054,0.0001100332307971478,0.5254499920486574,0.09566261952660107,-0.0011963504938414977,-2.6315500454861757e-05,return_to_launch
1761592562.9033062,60.91951394081116,0.0009251357152961542,0.20881432465800912,0.2627336715107987,-0.0006664337394223122,-0.04861385452383596,0.6943833240758019,-0.014992804582521767,0.00019458681619251403,0.00011529287900573863,0.5221582902039372,0.1036656258441879,-0.0012237037762950335,-3.6965004611573895e-05,return_to_launch
1761592563.006943,61.02315068244934,0.0008582308281475978,0.20399312424050367,0.34409644694501323,-0.0006340581402122699,-0.04622864492441066,0.8729215412869317,-0.019205999004716066,0.0002331442782769392,0.00012174963589842652,0.5165205695304079,0.08982048883609338,-0.0009590046125878746,-4.925673193397008e-05,return_to_launch
1761592563.109937,61.12614464759827,0.0007925901155275539,0.1992615716074274,0.44260308362799367,-0.0005957956634013875,-0.04320753620884089,1.0348669259248666,-0.01829134830314055,0.00020092719965292415,0.00013003988925738892,0.5076118279799602,0.04013475938956165,-0.0002479892149372284,-6.46503491873164e-05,return_to_launch
1761592563.2133183,61.22952604293823,0.0007278452065424675,0.19459381101372836,0.5570949999409563,-0.0005605533133684983,-0.0402198382445897,1.1741580231328748,-0.011260828332572097,9.159212479201724e-05,0.00014004031807938227,0.4955004234843354,-0.031064416712819485,0.0006702321764233401,-8.212596424820996e-05,return_to_launch
1761592563.3217175,61.33792519569397,0.0006620752515872575,0.18986042024415783,0.6909915063601373,-0.0005218543818334428,-0.0366985564303687,1.2926338990398452,-0.0032396061090300896,-2.124643541457491e-05,0.00015187817273905433,0.48219302687673243,-0.093340249173595,0.0014117139009102264,-0.00010202617118523083,return_to_launch
1761592563.4258897,61.442097425460815,0.0006009398793536677,0.18546729710922283,0.8301721368150426,-0.0005207155200134614,-0.03612027143128616,1.377261128597724,0.011541441331605666,-0.00020079319104162065,0.00016571157686324595,0.46846123931852945,-0.16451376338994517,0.0020929875214986387,-0.00012602638457380913,return_to_launch
1761592563.5321002,61.5483078956604,0.0005401927911694809,0.1810901913621339,0.9793275972583314,-0.0005344934516153764,-0.036855351650530485,1.4285698561920666,0.02406010567927543,-0.0003247241403432329,0.00017841375025036226,0.4536205286791858,-0.1826047144783139,0.002038987196078995,-0.0001460336151603399,return_to_launch
1761592563.6365216,61.65272927284241,0.000482738668266406,0.17695027247987438,1.1296256128626765,-0.0005613468025369863,-0.03905844619083046,1.4438529909893318,0.02833682153091237,-0.00031618531922956007,0.0001879306072060522,0.43849126404743577,-0.13916328357579386,0.0011932814659827377,-0.0001591167506891559,return_to_launch
1761592563.7418606,61.758068323135376,0.0004265066750265866,0.1729059410257606,1.2812477935236033,-0.0005778934993840913,-0.0411648029737125,1.4263388183625965,0.021487574763165065,-0.00017852231769515805,0.00019331165514450824,0.4234111996774055,-0.03832403013197039,-0.00015550966764750148,-0.00016279656957102597,return_to_launch
1761592563.8479118,61.86411952972412,0.00037134932552223974,0.16895051486687476,1.4301540370441341,-0.0005666098628486367,-0.04134743421851331,1.3752271486022012,0.006529637739738659,2.1972278916950096e-05,0.0001935405067986433,0.4084664344426485,0.06078381702533731,-0.0011915291112587689,-0.00015715888118062113,return_to_launch
1761592563.9532456,61.96945333480835,0.00031752403759689003,0.16510488321175015,1.5707381633567852,-0.0005327439216268637,-0.039571764850049755,1.2902848023275488,-0.008873903644008089,0.0001710737572707023,0.0001889856366405703,0.3942661190022769,0.11621846503622306,-0.0014546793327954585,-0.00014522445297310337,return_to_launch
1761592564.0579896,62.07419729232788,0.00026476165185918015,0.1613319149693228,1.699403074272524,-0.0004948656557960369,-0.03674787041221285,1.1750242618721944,-0.015510307313077858,0.00017751867491697852,0.00018141943386254622,0.3812756506937157,0.09938997222239321,-0.0008248528041131336,-0.00013096863530429482,return_to_launch
1761592564.1581235,62.174331188201904,0.00021407087102326387,0.1577115017265234,1.811084773518217,-0.0004673293623271652,-0.033453124569616764,1.039680490346231,-0.008252465136565752,1.7192802970257702e-05,0.00017186313491429194,0.3700223601549454,0.005226841594740893,0.0004433140969392401,-0.00011412103094530203,return_to_launch
1761592564.261278,62.277485609054565,0.000163542664365178,0.15408174730624152,1.9102587657222059,-0.00047009875107838786,-0.032969335927280706,0.8798739782207031,0.0025071478828995837,-8.859673445674201e-05,0.00016092045888696822,0.3599464854776245,-0.052512994056674665,0.000761209537861361,-9.661809787795608e-05,return_to_launch
1761592564.3674538,62.38366150856018,0.00011267443950924792,0.1504210141280423,1.9940466821801435,-0.00047617903241949235,-0.033377496890864486,0.6959672768301853,0.008187923917611677,-0.00010298032289941079,0.00014982963194339118,0.351322328822782,-0.05406957994505905,0.0004643956450951099,-8.038636462425256e-05,return_to_launch
1761592564.472305,62.48851275444031,6.357467103342837e-05,0.14690008372639637,2.0570106941145485,-0.0004748958134051413,-0.03375827888509783,0.5048981617601584,0.006704533422672635,-4.92725815878498e-05,0.00013979584357872373,0.35000000000000003,-0.021953188801147105,-9.799227642266883e-06,-6.717813397501344e-05,return_to_launch
1761592564.5761857,62.59239339828491,1.5875116169940807e-05,0.14348902639910516,2.0996467969720327,-0.00046347820980651854,-0.033379993174825796,0.3159152076667135,0.001802485750712355,1.0118226614856202e-05,0.00013078372636362586,0.35000000000000003,0.011482830258606731,-0.00028304750865493537,-5.527969937152045e-05,return_to_launch
1761592564.682686,62.698893785476685,-3.22165678362059e-05,0.1400537070160544,2.122975006565161,-0.0004492386766321005,-0.03248787563662486,0.12225236750066241,-0.0014268121458783083,2.7868644150990253e-05,0.00012265627257285604,0.35000000000000003,0.022696145688819426,-0.00025377889193554904,-4.5108702309238776e-05,return_to_launch
1761592564.7897692,62.80597686767578,-7.973422515276094e-05,0.13665474415443837,2.125640937581365,-0.00043730782454323914,-0.031557030131374314,-0.072420625321985,-0.0022216506097511796,1.8065923769070204e-05,0.00011575347886536534,0.35000000000000003,0.02059643227420829,-0.0001514928322508495,-3.685021159093306e-05,return_to_launch
1761592564.8948781,62.91108584403992,-0.0001253736845793425,0.13338299653900193,2.1079908644615744,-0.0004260970088383693,-0.03056287666186684,-0.2634182481996007,-0.0014103646456488322,2.0753753946258353e-06,0.00011013585078751264,0.35000000000000003,0.006661186367056753,4.7204011425783175e-06,-3.0628671805436644e-05,return_to_launch
1761592565.0008664,63.01707410812378,-0.00017046300169855388,0.13014845639142922,2.0698799462280375,-0.0004181003934238344,-0.029852422086261907,-0.45565614850698904,0.0004885942976326487,-1.6516202325120026e-05,0.00010535408345672098,0.35000000000000003,-0.006063571189174905,9.759584814925283e-05,-2.531603548424767e-05,return_to_launch
1761592565.1049025,63.12111020088196,-0.00021375369216038913,0.12704335060522248,2.0126865142330015,-0.00041112495707529956,-0.02934888740426339,-0.6436892608551871,0.001714353616934733,-2.2329563251639837e-05,0.00010141706771597343,0.35000000000000003,-0.008903384745457897,7.833012510881521e-05,-2.0940696966970234e-05,return_to_launch
1761592565.2120883,63.22829604148865,-0.0002573778170517428,0.12391638645423465,1.9334809238290798,-0.00040358686514139304,-0.028866559477346204,-0.8317307285556277,0.0017908397683227505,-1.83303285473261e-05,9.803566472382119e-05,0.3557546060903375,-0.0054788442801009425,2.623896627230517e-05,-1.7351063404652768e-05,return_to_launch
1761592565.3160107,63.332218408584595,-0.00029868324789370345,0.12095806481167658,1.8383314354098408,-0.0003941634002326162,-0.02825303209557496,-0.9961511303954559,0.0010561150641256681,-8.834341761626564e-06,9.528843768210893e-05,0.3651034792502178,-0.0004501271354263892,-1.6014866867966508e-05,-1.4456641121274456e-05,return_to_launch
1761592565.42288,63.43908762931824,-0.00034020751469435455,0.1179854888411051,1.7238271247623973,-0.00038457992962752174,-0.027586943755477225,-1.1426434623214496,0.0006018259411144501,-6.018231941839423e-06,9.290522202189244e-05,0.3764514117416654,0.002899857873661785,-3.6347439399000145e-05,-1.1927248663595995e-05,return_to_launch
1761592565.5280542,63.54426193237305,-0.00038008702421106326,0.11513126364007024,1.597190334831975,-0.00037500236538933173,-0.026887116946395822,-1.2610259215702952,0.00010985591993349299,-2.5220766355416564e-06,9.092944256128808e-05,0.388931451879448,0.003380569548476246,-2.7066048171945485e-05,-9.983728687821113e-06,return_to_launch
1761592565.6283245,63.644532203674316,-0.00041726701296975193,0.11247096861230392,1.4661853184295865,-0.0003657323818062065,-0.026178530440278604,-1.3475903648179675,0.00042246693117356927,-9.16632992120261e-06,8.93296699932491e-05,0.4020084745112298,0.002503691483055505,-1.4934893082841888e-05,-8.361430970132945e-06,return_to_launch
1761592565.7338583,63.75006604194641,-0.0004553494658141629,0.10974638035392446,1.320471183498638,-0.0003572928296944266,-0.02553850971951097,-1.4086608692034546,0.00028774970919101463,-6.530101109230596e-06,8.789477595073727e-05,0.41649829310223596,0.0019115923135563265,-1.8552142144816345e-05,-7.063411616048433e-06,return_to_launch
1761592565.8438287,63.86003637313843,-0.0004940712878042836,0.10697727137390918,1.1636234000483041,-0.00034849503263978686,-0.02489263476916507,-1.43809573545338,6.893240294626347e-05,-2.8718336644358657e-06,8.662214568719156e-05,0.43210232451449615,0.006881130333066819,-9.553956661149878e-05,-5.882491020940702e-06,return_to_launch
1761592565.9486296,63.964837312698364,-0.0005298613150239217,0.1044180926591391,1.012914460648994,-0.00033823168607035464,-0.024141661813120906,-1.4325847262349083,-0.0004950702721153534,6.733420234397028e-06,8.561344563829487e-05,0.44724079759812213,0.004976191119906983,-7.912620887210291e-05,-5.125678531110485e-06,return_to_launch
1761592566.0523894,64.06859707832336,-0.0005645004633130552,0.10194230645421619,0.8659515750785882,-0.00032962899918136064,-0.023521316614921142,-1.3949299987762664,-0.00034531026035596415,6.089964274856117e-06,8.47502457146922e-05,0.4619094108692636,0.001451833425048757,-3.547360930453909e-05,-4.495139024819587e-06,return_to_launch
1761592566.1585994,64.17480707168579,-0.0005991773088033189,0.09946492127471222,0.7212819955956273,-0.00032060025545471054,-0.022875226360596128,-1.323969771662346,1.0036838875028195e-05,1.9639984889745e-06,8.39706820260137e-05,0.4764517633340135,-0.0014429761032951622,4.035648273836927e-06,-3.916289885546804e-06,return_to_launch
1761592566.2713888,64.2875964641571,-0.000634744129835485,0.09692523099443741,0.5790342550013782,-0.00031238666774838474,-0.022279470483823182,-1.2156225160277934,-9.841820763774324e-05,3.81734459865048e-06,8.324940152795771e-05,0.48996664387711963,-0.0061675745593235964,7.398061878038257e-05,-3.534827010297205e-06,return_to_launch
1761592566.3750257,64.39123344421387,-0.000666976139249726,0.0946253551661809,0.45844220134649283,-0.0003016739358585749,-0.021521538694564885,-1.0847112483733226,-0.0007883531163424319,1.3729126246444878e-05,8.270978863862146e-05,0.5035337967418101,0.0011042192108491455,-2.7539842735748317e-05,-3.1967750900540116e-06,return_to_launch
1761592566.4817164,64.49792408943176,-0.0006991687675341076,0.09232910691028064,0.35108023353924966,-0.00029403035802925395,-0.02098011649502063,-0.9239194344997064,-0.00029062029391221076,6.76481871678562e-06,8.22230421827128e-05,0.5143554955211254,-0.003669075685042298,4.336797822161071e-05,-3.020787894055394e-06,return_to_launch
1761592566.5887117,64.60491943359375,-0.0007307910657425711,0.09007452196783096,0.26175180512981816,-0.0002863188095943381,-0.020433458447483687,-0.7433734513506379,0.00031224205485693313,-1.9255495607048985e-06,8.17890976345421e-05,0.5212904368318979,-0.006951997965010755,9.33055828935015e-05,-2.8741873483894816e-06,return_to_launch
1761592566.6932287,64.70943641662598,-0.000760986776048834,0.08792252534481257,0.1937841265087072,-0.00027939239307743524,-0.019945381874513658,-0.5558949762654158,0.0010943570884213868,-1.3525898641433184e-05,8.14177130559476e-05,0.5252159595778133,-0.011812809043818108,0.00016906956144669338,-2.8134967973389533e-06,return_to_launch
1761592566.7994933,64.81570100784302,-0.0007910734856780557,0.08577943918286347,0.14512340613650526,-0.0002733662164034436,-0.019513874559884757,-0.35923415784149487,0.001957523142525363,-2.6372642752055753e-05,8.111320621122734e-05,0.527335529962136,-0.015583499342348622,0.000228335289983405,-2.875080428942249e-06,return_to_launch
1761592566.9048066,64.92101430892944,-0.0008202633717252737,0.08370143605374498,0.1176884376539059,-0.0002687355232573833,-0.01918244995375605,-0.16147654453883112,0.0028669724461200053,-4.017067545719866e-05,8.089119384892597e-05,0.5282879175186053,-0.017688476535074334,0.00026489196025226145,-3.070073696966762e-06,return_to_launch
1761592567.0113513,65.02755904197693,-0.0008492234884126038,0.08164110330041481,0.11119718793490166,-0.00026514778436070337,-0.018918696030276096,0.03969560639505483,0.003843238710345306,-5.505648140141725e-05,8.077045442775454e-05,0.5285244202723344,-0.01909448879439258,0.0002907833524046288,-3.4532545181514885e-06,return_to_launch
1761592567.11785,65.13405776023865,-0.0008775392794578017,0.07962729987937285,0.1261302565641503,-0.000263320305768949,-0.018791432595613264,0.24051280202867198,0.004365210029711365,-6.361150878872582e-05,8.076240034402475e-05,0.5281640360208385,-0.016110663804266383,0.00025563299406673864,-4.0237149022155675e-06,return_to_launch
1761592567.2209122,65.2371199131012,-0.0009043216046278159,0.07772311394148002,0.16085989475374954,-0.000263106966088223,-0.0187570391844581,0.43285453034038535,0.004272060557153429,-6.403978156739769e-05,8.088642711666912e-05,0.5270591842858802,-0.007636428712208872,0.00014093934713230183,-4.798527712877747e-06,return_to_launch
1761592567.3259726,65.3421802520752,-0.0009309554293246761,0.07583025768229498,0.21644950306546884,-0.00026236885652811234,-0.0186828977640741,0.6242515246282371,0.003573538113160268,-5.547649842379881e-05,8.1160224905486e-05,0.524732131355721,0.004762825349931787,-3.401480062072675e-05,-5.793997674135117e-06,return_to_launch
1761592567.431779,65.4479866027832,-0.0009567515072958989,0.07399729722297227,0.29232409182284824,-0.0002564078735852472,-0.01823811151679441,0.8080433317688298,0.0016281559084717246,-2.880444395818556e-05,8.152702912820504e-05,0.5203365112663989,0.018761491338788662,-0.00023206771018410692,-6.879095204619939e-06,return_to_launch
1761592567.5367472,65.55295491218567,-0.0009815319319554348,0.07223714373476338,0.38608179310479374,-0.0002529179452472379,-0.017959397068458723,0.9754053793220183,-0.0009264540699469291,6.499520710989226e-06,8.20153131995407e-05,0.5130600660993275,0.03312113467540968,-0.0004407397039033726,-8.16022553702632e-06,return_to_launch
1761592567.6433716,65.65957927703857,-0.0010060510179885594,0.07049571286912092,0.49812633977449733,-0.00024574697027431687,-0.017409801724397565,1.1217044620001444,-0.0034000428039997603,4.155227370412749e-05,8.263714514153905e-05,0.5016432445289537,0.04287333665422538,-0.0005880274369074166,-9.672043445949719e-06,return_to_launch
1761592567.7477884,65.76399612426758,-0.0010295011835532004,0.06883080110995625,0.6214202227105864,-0.00023623930226218388,-0.016694858899581493,1.2351892814548706,-0.006408718021314786,8.545173613087702e-05,8.337201398172696e-05,0.4891751411497214,0.04691075217814995,-0.0006626028133291861,-1.1423079776196019e-05,return_to_launch
1761592567.8571804,65.8733880519867,-0.0010534961053892703,0.06712656140563972,0.7615978059530412,-0.00022259835096422682,-0.015716096313241473,1.322002414036438,-0.008068562242359929,0.00011077549375810184,8.437450921827504e-05,0.4752542704939656,0.04621976333028541,-0.0006655855065850307,-1.3701935093428292e-05,return_to_launch
1761592567.9606197,65.97682738304138,-0.001075767426810056,0.06554521734031342,0.9012199018169571,-0.0002062762727041135,-0.01453795008395894,1.3721631066607218,-0.007586762165785795,0.00010751257313161214,8.550026085138835e-05,0.4612976192652105,0.024405832714566755,-0.0003765053648261833,-1.6140684253235196e-05,return_to_launch
1761592568.0647676,66.08097529411316,-0.0010980057062753906,0.06396718707925306,1.0453946969739711,-0.00019271536062515565,-0.013584531377908424,1.3910082787944993,-0.003928188303098881,5.902894226137964e-05,8.633721848738789e-05,0.4469500004997669,-0.009428761467596029,9.044781625869606e-05,-1.7509977776836356e-05,return_to_launch
1761592568.1703727,66.1865804195404,-0.0011201675228109064,0.06239550672924536,1.1918704865748342,-0.00018713140615843628,-0.013213879767866536,1.377801000383253,0.0007849818387606821,-5.404214274826646e-06,8.669871970495593e-05,0.43229376824855453,-0.03358932768460261,0.00043327855586397545,-1.7895204096917346e-05,return_to_launch
1761592568.275068,66.2912757396698,-0.0011417247195747964,0.06086823562800364,1.3340496884436082,-0.00019061051197412555,-0.013499730144087663,1.3334592866347583,0.004912051515485542,-6.346654587285295e-05,8.659593356506121e-05,0.41796516885973184,-0.043286408047327085,0.0005828116453671698,-1.7633390415956165e-05,return_to_launch
1761592568.3821914,66.39839911460876,-0.001163247159937993,0.05934448516719756,1.4724413938523735,-0.00019731605674414067,-0.014005318997123232,1.2582339056483434,0.006352357724375057,-8.530901496210369e-05,8.610241968921361e-05,0.4040635639643957,-0.03447351042343072,0.0004763628101529736,-1.689491113518921e-05,return_to_launch
1761592568.4863894,66.50259709358215,-0.0011838354686776833,0.057887890430606305,1.5991449403445364,-0.00020174037978463682,-0.014326842385809968,1.1572250312892405,0.004585286062256229,-6.313894002667251e-05,8.531506997051551e-05,0.39138959851257116,-0.009395648194259563,0.0001434990085782921,-1.578642890990117e-05,return_to_launch
1761592568.587232,66.60343980789185,-0.0012031190005453009,0.056524940782694634,1.7099658023987643,-0.00020113205856652823,-0.014263699666437759,1.0372233895744163,-0.00013490762862448458,-5.41958100490411e-07,8.424799502007412e-05,0.38013968427098643,0.020584660271054097,-0.0002672405994363437,-1.4121085694595846e-05,return_to_launch
1761592568.6917396,66.70794725418091,-0.001222768829283905,0.05513524697436071,1.8109367115490436,-0.00019139498092443966,-0.013538474337869309,0.8919353666571298,-0.0027499412043073095,3.588421607501481e-05,8.298643752433888e-05,0.3698502623219062,0.023380694855075997,-0.0003135911029413732,-1.2428233111108221e-05,return_to_launch
1761592568.7959745,66.81218218803406,-0.0012420826108498764,0.053769581371685436,1.8955660992382783,-0.0001813917985889069,-0.012799306331706999,0.7292274664239005,-0.0024491767707910425,3.280909990467732e-05,8.170984764576982e-05,0.3612332671091271,0.010706076253383143,-0.00014837256639903558,-1.0903293426598747e-05,return_to_launch
1761592568.9041405,66.92034816741943,-0.0012617052614761206,0.05238294023224335,1.9646220104094534,-0.00017370113597241034,-0.012240836366897392,0.545386123941592,-0.000663922150971999,9.079345726104289e-06,8.038273805228094e-05,0.35410984501660736,-0.002220458753982309,2.537931931528885e-05,-9.28462061576686e-06,return_to_launch
1761592569.0093417,67.02554941177368,-0.001280294149691605,0.05107024725594808,2.012092720108255,-0.00017112994560678047,-0.012062564389987734,0.35582861230315505,0.0010727255028130296,-1.4027164897046575e-05,7.916450007387845e-05,0.35000000000000003,-0.009486926312134228,0.00012352767703210717,-7.949329063881347e-06,return_to_launch
1761592569.1147206,67.13092827796936,-0.0012984888721547204,0.04978627996078864,2.039466276733032,-0.00017045817438816093,-0.012026053185852892,0.16376950333062704,0.0015782168587315146,-2.0915618961798606e-05,7.805130551553373e-05,0.35000000000000003,-0.007902876284820833,0.00010480254288462728,-6.85183569134599e-06,return_to_launch
1761592569.2203014,67.23650908470154,-0.0013163330233017941,0.04852779624457369,2.046611555613887,-0.0001687670029921268,-0.011911023798770829,-0.02840606014043889,0.0011086180636941387,-1.4900425342259243e-05,7.705482184919455e-05,0.35000000000000003,-0.0019611822180405887,2.6890218616265277e-05,-5.887623059838953e-06,return_to_launch
1761592569.3285584,67.34476613998413,-0.0013342591640279858,0.04726408904969253,2.0328745498664933,-0.0001658316387449028,-0.01170043551039218,-0.22534496770700002,0.0004363050229836407,-6.155203652969836e-06,7.614691286014751e-05,0.35000000000000003,0.0026747246529595734,-3.450675836271442e-05,-5.078598824160003e-06,return_to_launch
1761592569.4319906,67.44819831848145,-0.00135102340734125,0.04608266374254675,1.9998491956523399,-0.00016147759941798336,-0.01138276732132388,-0.4131613298664055,-0.000219727395826427,2.62549971653844e-06,7.53828538115986e-05,0.35000000000000003,0.004239088433470948,-5.571735956480501e-05,-4.472930692291009e-06,return_to_launch
1761592569.5373828,67.55359053611755,-0.001367767099315272,0.04490310657559574,1.9463931265811247,-0.00015688785321489146,-0.011047985020795513,-0.5994074459291421,-0.0002274082866295774,2.7576461713864325e-06,7.469114777793101e-05,0.3547636295528632,0.0028464951173334642,-3.805723460858503e-05,-3.938936120463034e-06,return_to_launch
1761592569.6414976,67.65770530700684,-0.0013839332395765816,0.04376472259344672,1.8749583664096416,-0.00015271186690009265,-0.010745503006168578,-0.7703615668590572,2.651733445641893e-05,-5.122433512581424e-07,7.407964748122293e-05,0.36171128584317624,3.513291871637609e-05,-9.856754634205787e-07,-3.5165796106068676e-06,return_to_launch
1761592569.744143,67.76035070419312,-0.0013995042761039997,0.042668777904699626,1.7879235686098296,-0.0001492323494849635,-0.010496361446039517,-0.922496982121256,0.0003282756559055541,-4.447738805812681e-06,7.353458972049061e-05,0.3702720764015705,-0.001501898020604614,1.9280722956896438e-05,-3.156977367654704e-06,return_to_launch
1761592569.8505087,67.8667163848877,-0.001415258791176086,0.04156050432350994,1.6823179320257615,-0.0001460441321389466,-0.010269355795459165,-1.0594550981870958,0.0004598032093014552,-6.182012593982851e-06,7.30210791753229e-05,0.3807002090370146,-0.001088851295135332,1.3535491448120722e-05,-2.840067701718604e-06,return_to_launch
1761592569.9542773,67.97048497200012,-0.0014302330110044005,0.040507710898967965,1.5664526220299122,-0.0001427801755425646,-0.010037613032518518,-1.1696470712524034,0.00036418077291074975,-4.88408523275096e-06,7.256260659240987e-05,0.3921593563472249,-0.00034131896067295364,4.072096951000943e-06,-2.592988795522798e-06,return_to_launch
1761592570.0588467,68.07505440711975,-0.0014449569051443118,0.03947302964758655,1.439460400027859,-0.00013955112534818538,-0.00980730786135549,-1.25474059864694,0.00022464953912139916,-3.051568019411152e-06,7.213638485697068e-05,0.40471662305726486,0.0005445467999131372,-7.310850683928098e-06,-2.386315951288094e-06,return_to_launch
1761592570.168456,68.18466377258301,-0.0014599658805872701,0.038418888887125316,1.298399091931676,-0.0001344291860288394,-0.009441659135718022,-1.313854124543625,0.00011084482182208547,-1.5829869249714192e-06,7.172175970822508e-05,0.4187545066093151,-0.00015265342530437748,3.2428279412404334e-06,-2.1951252569543737e-06,return_to_launch
1761592570.2742321,68.29043984413147,-0.0014740564041113365,0.037429741038526615,1.1577705736939838,-0.00013125334316630964,-0.009213079516342763,-1.3400586638349308,0.00019092832422935516,-2.8147069201120472e-06,7.134745635539978e-05,0.43277883524383304,-0.0007514085006055946,1.1832708843436238e-05,-2.051151225404401e-06,return_to_launch
1761592570.379648,68.39585566520691,-0.0014877652309128683,0.036467829244059925,1.016487648222381,-0.00012838462831057444,-0.009006273658493191,-1.3353360086033403,0.00024143363704147994,-3.5529795492838415e-06,7.099445341607306e-05,0.44695335909606015,-0.0003953631130591901,6.418862209114058e-06,-1.920862219966084e-06,return_to_launch
1761592570.483739,68.49994659423828,-0.0015009726222549099,0.035541527478829674,0.879052791587141,-0.00012548080766971724,-0.00879740723821046,-1.300405260194204,0.00022264068078166192,-3.251175303080703e-06,7.066244219076173e-05,0.4607364210834154,-0.00023387517821858562,3.584346014839711e-06,-1.8154208807572523e-06,return_to_launch
1761592570.5895727,68.60578036308289,-0.0015140880561939532,0.0346221084905196,0.7446392926059032,-0.00012271347928397068,-0.008598617424992547,-1.2347708977902636,0.00021525951252485492,-3.091089716976859e-06,7.033940523997632e-05,0.47419273323572625,-5.519703618775927e-06,-1.5568976631395502e-07,-1.7270740678981158e-06,return_to_launch
1761592570.6924613,68.70866894721985,-0.0015265280548795571,0.033750454742875705,0.6220861010200807,-0.00011993951538969231,-0.008400190186869211,-1.1431013983288258,0.00012177119942088341,-1.6820750132311968e-06,7.003760050174929e-05,0.48661251876616335,0.0006827401390431382,-1.0382113835583283e-05,-1.647142139217028e-06,return_to_launch
1761592570.8013434,68.81755113601685,-0.0015393941582544884,0.032849386071837045,0.5041655715376757,-0.00011736373320837107,-0.00821546867081313,-1.0184664930521532,0.00013832639958719098,-1.8653776965592918e-06,6.972945121908793e-05,0.49845035249380976,0.001393072294896049,-2.0762114118090712e-05,-1.5813449417217312e-06,return_to_launch
1761592570.907241,68.92344880104065,-0.0015515684253750793,0.03199722296041757,0.4038837871124486,-0.00011484392834607541,-0.008035932452463142,-0.8713808840041232,-9.531727232291615e-05,1.5214998081028132e-06,6.944169489906356e-05,0.5095041769208166,0.002481796105238051,-3.634258893288792e-05,-1.5332032349581938e-06,return_to_launch
1761592571.0134203,69.02962803840637,-0.0015635103052848217,0.031161731592917675,0.3201411873003794,-0.00011198737653919042,-0.007833248373599966,-0.70326982852784,-0.00023605614361072678,3.546436581001514e-06,6.916253081422579e-05,0.5171355688854965,0.002970756676063659,-4.3169475516756463e-05,-1.4916236345083576e-06,return_to_launch
1761592571.117092,69.1332995891571,-0.001574905018072514,0.030364900975899212,0.2563193934712357,-0.00010908285456933099,-0.007627570708079944,-0.526369893199823,-0.0003901638641733591,5.724868847954402e-06,6.889813992373207e-05,0.5217574582612053,0.002594838931951122,-3.7358470109306345e-05,-1.4709445192544269e-06,return_to_launch
1761592571.2238574,69.24006509780884,-0.0015863885172268841,0.0295622361699248,0.21020814822575556,-0.0001059401592826349,-0.007404923979701801,-0.3364741770966541,-0.00041450918410603876,6.019657901042483e-06,6.863299766864368e-05,0.5245090467428004,0.001979985136835374,-2.8159282452294063e-05,-1.448572796275274e-06,return_to_launch
1761592571.3300343,69.34624195098877,-0.0015975362886801912,0.02878339055346773,0.1847015308045977,-0.00010307717291163392,-0.00720187944003968,-0.1435501931729068,-0.0004641059991690706,6.658545764469352e-06,6.837598589145858e-05,0.5258322397805151,0.0014078457256573372,-1.9582661601933337e-05,-1.4359883685545339e-06,return_to_launch
1761592571.4357955,69.45200324058533,-0.0016083547876631719,0.02802789148586702,0.1797331171983475,-9.995989405273667e-05,-0.006980321363823116,0.04922143088472848,-0.00039396635613893794,5.559868492943143e-06,6.81290422029737e-05,0.5261407862704952,0.0003662400381284255,-4.363984630131372e-06,-1.4275689328753372e-06,return_to_launch
1761592571.5424092,69.55861687660217,-0.0016191224448316205,0.02727628384638597,0.19550186658399982,-9.684960830551992e-05,-0.006758808046319314,0.24485950998587666,-0.0002769690667572285,3.804501694335872e-06,6.78866487783658e-05,0.5255308317297219,-0.0017812086102295096,2.6433371752383647e-05,-1.4443602370147997e-06,return_to_launch
1761592571.6503003,69.66650795936584,-0.0016296578350466283,0.026541212886421982,0.23218158237363215,-9.363166008918002e-05,-0.006529456387152374,0.4375943403804978,-9.718345923542717e-05,1.1692849578372933e-06,6.765538437091272e-05,0.5237892433122604,-0.003869273324194612,5.609764971963344e-05,-1.4752008836971653e-06,return_to_launch
1761592571.7550342,69.77124190330505,-0.0016397523723842412,0.02583717569334192,0.28790785795945695,-9.102917258679406e-05,-0.0063423137882378695,0.6197862449434705,0.0003361841996355773,-5.025029748845272e-06,6.744037394543091e-05,0.5204829516152832,-0.006232033476236902,8.918959540097783e-05,-1.5181463843429395e-06,return_to_launch
1761592571.860128,69.87633562088013,-0.0016495999386958982,0.025150648534429047,0.36212360764028506,-8.909758063599866e-05,-0.006202084550064258,0.7902282520714793,0.000884837885096069,-1.2764335396095957e-05,6.723265919076843e-05,0.5149508911462315,-0.008184099688581945,0.000115896779728684,-1.5701346023780007e-06,return_to_launch
1761592571.964867,69.98107481002808,-0.0016591703510936444,0.02448372090004864,0.45304205103821277,-8.797229580135832e-05,-0.006119642303437943,0.9423234147616842,0.0013895024714091,-1.9737421450045677e-05,6.703263490933438e-05,0.5064031331711296,-0.009209994057138052,0.00012896100875683751,-1.6330063524686576e-06,return_to_launch
1761592572.0697467,70.08595442771912,-0.0016685267046779612,0.023831964304494864,0.5587804806896345,-8.766647431253952e-05,-0.006097403350123629,1.0695395458961299,0.001755684499490044,-2.4625426470182264e-05,6.684564879604373e-05,0.4951895664339739,-0.008309723318813602,0.0001147178955849564,-1.720183206799917e-06,return_to_launch
1761592572.1788688,70.19507646560669,-0.0016779341661273513,0.023176936198444964,0.6802321521325663,-8.725414346531123e-05,-0.006069855469881342,1.172272369190261,0.0018472199251509626,-2.5637874484565214e-05,6.666643991830995e-05,0.4832464139231885,-0.006003199983189459,8.130668368230346e-05,-1.8357953137526249e-06,return_to_launch
1761592572.2837875,70.2999951839447,-0.001686891560691728,0.022553615807172148,0.8084330297415314,-8.71017247263198e-05,-0.006063389190868514,1.2433683295245685,0.0014204724458254311,-1.9376029201407275e-05,6.649695843887481e-05,0.4704867952553359,-0.0009885534587884973,1.0652343425237923e-05,-1.9423819576602507e-06,return_to_launch
1761592572.3892756,70.40548324584961,-0.0016955750290524165,0.021949768878827804,0.9420010056285991,-8.622467157297779e-05,-0.0060076236945602,1.2839959095843083,0.0005886521297246192,-7.64915952584462e-06,6.632127045183976e-05,0.45717591696638904,0.004874455773903917,-7.019074675070644e-05,-2.0202639300523456e-06,return_to_launch
1761592572.4960077,70.51221537590027,-0.0017041377297266343,0.021354714809974258,1.0798609044195204,-8.376176475578589e-05,-0.005837588044888202,1.2941812401758341,-0.00033351185332059917,5.056342632881467e-06,6.612984969613991e-05,0.44346624966907855,0.008934870210177307,-0.00012449584737848175,-2.072698830360032e-06,return_to_launch
