timestamp,simulation_time,position_x,position_y,position_z,velocity_x,velocity_y,velocity_z,attitude_roll,attitude_pitch,attitude_yaw,control_throttle,control_roll,control_pitch,control_yaw,flight_mode
1761592082.7359173,0.10675716400146484,0.0,0.0,-0.0,0.0,0.0,-0.0,0.0,0.0,0.0,0.0,0.0,0.0,0.0,manual
1761592082.8545184,0.225358247756958,0.0,0.0,-0.0,0.0,0.0,-0.0,0.0,0.0,0.0,0.0,0.0,0.0,0.0,manual
1761592082.9613833,0.33222317695617676,0.0,0.0,-0.0,0.0,0.0,-0.0,0.0,0.0,0.0,0.0,0.0,0.0,0.0,manual
1761592083.0650127,0.4358525276184082,0.0,0.0,-0.0,0.0,0.0,-0.0,0.0,0.0,0.0,0.0,0.0,0.0,0.0,manual
1761592083.17498,0.5458197593688965,0.0,0.0,-0.0,0.0,0.0,-0.0,0.0,0.0,0.0,0.0,0.0,0.0,0.0,manual
1761592083.2787538,0.6495935916900635,0.0,0.0,-0.0,0.0,0.0,-0.0,0.0,0.0,0.0,0.0,0.0,0.0,0.0,manual
1761592083.3848171,0.7556569576263428,0.0,0.0,-0.0,0.0,0.0,-0.0,0.0,0.0,0.0,0.0,0.0,0.0,0.0,manual
1761592083.4888954,0.8597352504730225,0.0,0.0,-0.0,0.0,0.0,-0.0,0.0,0.0,0.0,0.0,0.0,0.0,0.0,manual
1761592083.5933874,0.9642271995544434,0.0,0.0,-0.0,0.0,0.0,-0.0,0.0,0.0,0.0,0.0,0.0,0.0,0.0,manual
1761592083.6973433,1.068183183670044,0.0,0.0,-0.0,0.0,0.0,-0.0,0.0,0.0,0.0,0.0,0.0,0.0,0.0,manual
1761592083.803615,1.174454927444458,0.0,0.0,-0.0,0.0,0.0,-0.0,0.0,0.0,0.0,0.0,0.0,0.0,0.0,manual
1761592083.9111273,1.2819671630859375,0.0,0.0,-0.0,0.0,0.0,-0.0,0.0,0.0,0.0,0.0,0.0,0.0,0.0,manual
1761592084.013945,1.3847849369049072,0.0,0.0,-0.0,0.0,0.0,-0.0,0.0,0.0,0.0,0.0,0.0,0.0,0.0,manual
1761592084.1176512,1.4884910583496094,0.0,0.0,-0.0,0.0,0.0,-0.0,0.0,0.0,0.0,0.0,0.0,0.0,0.0,manual
1761592084.2231762,1.5940160751342773,0.0,0.0,-0.0,0.0,0.0,-0.0,0.0,0.0,0.0,0.0,0.0,0.0,0.0,manual
1761592084.3273923,1.6982321739196777,0.0,0.0,-0.0,0.0,0.0,-0.0,0.0,0.0,0.0,0.0,0.0,0.0,0.0,manual
1761592084.4353416,1.8061814308166504,0.0,0.0,-0.0,0.0,0.0,-0.0,0.0,0.0,0.0,0.0,0.0,0.0,0.0,manual
1761592084.5418956,1.9127354621887207,0.0,0.0,0.05198868966828948,0.0,0.0,0.8678366792292419,0.0,0.0,0.0,0.4,0.0,0.0,0.0,stabilize
1761592084.647553,2.01839280128479,0.0,0.0,0.1478897272554812,0.0,0.0,0.9303641965542231,0.0,0.0,0.0,0.4,0.0,0.0,0.0,stabilize
1761592084.7539475,2.1247873306274414,0.0,0.0,0.2484187809525019,0.0,0.0,0.9482260838185319,0.0,0.0,0.0,0.41265476688147606,0.0,0.0,0.0,stabilize
1761592084.8615954,2.2324352264404297,0.0,0.0,0.35187832072166475,0.0,0.0,0.9589177878701647,0.0,0.0,0.0,0.4,0.0,0.0,0.0,stabilize
1761592084.9676785,2.3385183811187744,0.0,0.0,0.45366738390915184,0.0,0.0,0.9523167531838789,0.0,0.0,0.0,0.425069115969874,0.0,0.0,0.0,stabilize
1761592085.0743508,2.445190668106079,0.0,0.0,0.5547225875488488,0.0,0.0,0.9438382328997913,0.0,0.0,0.0,0.48344796571907195,0.0,0.0,0.0,stabilize
1761592085.1788056,2.54964542388916,0.0,0.0,0.6513883703345542,0.0,0.0,0.9088452035994204,0.0,0.0,0.0,0.4,0.0,0.0,0.0,stabilize
1761592085.284875,2.655714750289917,0.0,0.0,0.746476650184354,0.0,0.0,0.8768711092665927,0.0,0.0,0.0,0.4115099697727339,0.0,0.0,0.0,stabilize
1761592085.3857393,2.7565791606903076,0.0,0.0,0.8334777845686514,0.0,0.0,0.8413120764643126,0.0,0.0,0.0,0.4169601592429598,0.0,0.0,0.0,stabilize
1761592085.4908063,2.8616461753845215,0.0,0.0,0.9201486931954682,0.0,0.0,0.8126121533365394,0.0,0.0,0.0,0.4755508043684226,0.0,0.0,0.0,stabilize
1761592085.595374,2.9662139415740967,0.0,0.0,1.0025353719861914,0.0,0.0,0.7671962574795426,0.0,0.0,0.0,0.42288046210346913,0.0,0.0,0.0,stabilize
1761592085.7008862,3.071726083755493,0.0,0.0,1.0813885572226178,0.0,0.0,0.7231590692030668,0.0,0.0,0.0,0.4,0.0,0.0,0.0,stabilize
1761592085.8048713,3.175711154937744,0.0,0.0,1.1549923593189488,0.0,0.0,0.6853078141856602,0.0,0.0,0.0,0.4,0.0,0.0,0.0,stabilize
1761592085.9089289,3.279768705368042,0.0,0.0,1.2244565015346671,0.0,0.0,0.6459712546547492,0.0,0.0,0.0,0.4,0.0,0.0,0.0,stabilize
1761592086.0130446,3.3838844299316406,0.0,0.0,1.289845920857141,0.0,0.0,0.6072044774272707,0.0,0.0,0.0,0.4207067238259601,0.0,0.0,0.0,stabilize
1761592086.1191144,3.4899542331695557,0.0,0.0,1.352256436096538,0.0,0.0,0.5664578151025226,0.0,0.0,0.0,0.41116458825207214,0.0,0.0,0.0,stabilize
1761592086.225618,3.5964577198028564,0.0,0.0,1.4109087857515543,0.0,0.0,0.5318711787586048,0.0,0.0,0.0,0.4,0.0,0.0,0.0,stabilize
1761592086.3317838,3.7026236057281494,0.0,0.0,1.4654426113187402,0.0,0.0,0.4917292914317711,0.0,0.0,0.0,0.4,0.0,0.0,0.0,stabilize
1761592086.43835,3.809189796447754,0.0,0.0,1.5165210508310363,0.0,0.0,0.46153619783754757,0.0,0.0,0.0,0.4284864843267149,0.0,0.0,0.0,stabilize
1761592086.5430694,3.9139091968536377,0.0,0.0,1.563141057241359,0.0,0.0,0.43450408333631946,0.0,0.0,0.0,0.4701469828554483,0.0,0.0,0.0,stabilize
1761592086.645762,4.016601800918579,0.0,0.0,1.60563503935328,0.0,0.0,0.4114022502115121,0.0,0.0,0.0,0.523368672907315,0.0,0.0,0.0,stabilize
1761592086.7504237,4.12126350402832,0.0,0.0,1.646026205411448,0.0,0.0,0.36746516927629597,0.0,0.0,0.0,0.411861741740688,0.0,0.0,0.0,stabilize
1761592086.8555515,4.226391315460205,0.0,0.0,1.6835429494591359,0.0,0.0,0.3410229105713201,0.0,0.0,0.0,0.4,0.0,0.0,0.0,stabilize
1761592086.9623325,4.33317232131958,0.0,0.0,1.7187896768197226,0.0,0.0,0.32263361036195737,0.0,0.0,0.0,0.4762358052295973,0.0,0.0,0.0,stabilize
1761592087.0666792,4.437519073486328,0.0,0.0,1.750621217437735,0.0,0.0,0.29766737235099555,0.0,0.0,0.0,0.4670815212183912,0.0,0.0,0.0,stabilize
1761592087.1738966,4.544736385345459,0.0,0.0,1.7808705861127034,0.0,0.0,0.26928150838211035,0.0,0.0,0.0,0.4292288232040733,0.0,0.0,0.0,stabilize
1761592087.2788007,4.6496405601501465,0.0,0.0,1.8081033765106869,0.0,0.0,0.25560901464060637,0.0,0.0,0.0,0.4820352875503241,0.0,0.0,0.0,stabilize
1761592087.3847902,4.755630016326904,0.0,0.0,1.8334221978390206,0.0,0.0,0.23590189385715035,0.0,0.0,0.0,0.48557028140884206,0.0,0.0,0.0,stabilize
1761592087.4893773,4.860217094421387,0.0,0.0,1.8564610905746604,0.0,0.0,0.2185571515862477,0.0,0.0,0.0,0.49295363570790596,0.0,0.0,0.0,stabilize
1761592087.5935385,4.964378356933594,0.0,0.0,1.8776058583015862,0.0,0.0,0.19024017453800696,0.0,0.0,0.0,0.4,0.0,0.0,0.0,stabilize
1761592087.698424,5.069263935089111,0.0,0.0,1.897225569160729,0.0,0.0,0.17738751345231385,0.0,0.0,0.0,0.43071658770740096,0.0,0.0,0.0,stabilize
1761592087.8031735,5.174013376235962,0.0,0.0,1.9151257125382029,0.0,0.0,0.16063407997723608,0.0,0.0,0.0,0.4,0.0,0.0,0.0,stabilize
1761592087.9078264,5.278666257858276,0.0,0.0,1.9315345606896837,0.0,0.0,0.14788971294114578,0.0,0.0,0.0,0.4294580789916862,0.0,0.0,0.0,stabilize
1761592088.0118616,5.382701396942139,0.0,0.0,1.9465219670141463,0.0,0.0,0.14357040612256397,0.0,0.0,0.0,0.4773886175595874,0.0,0.0,0.0,stabilize
1761592088.1146214,5.485461235046387,0.0,0.0,1.960200343768324,0.0,0.0,0.13528233228866812,0.0,0.0,0.0,0.4989107187452777,0.0,0.0,0.0,stabilize
1761592088.222712,5.593551874160767,0.0,0.0,1.9734025495523748,0.0,0.0,0.12170735928297492,0.0,0.0,0.0,0.4842780053380119,0.0,0.0,0.0,stabilize
1761592088.3275425,5.698382377624512,0.0,0.0,1.985035925806024,0.0,0.0,0.105427012668643,0.0,0.0,0.0,0.4387290566795681,0.0,0.0,0.0,stabilize
1761592088.431642,5.8024818897247314,0.0,0.0,1.995575596081338,0.0,0.0,0.0950995301811945,0.0,0.0,0.0,0.4288723177488071,0.0,0.0,0.0,stabilize
1761592088.5358276,5.906667470932007,0.0,0.0,2.005301829599221,0.0,0.0,0.0885827719486989,0.0,0.0,0.0,0.43944430996895556,0.0,0.0,0.0,stabilize
1761592088.6427352,6.013575077056885,0.0,0.0,2.0143197424452,0.0,0.0,0.08192576433697837,0.0,0.0,0.0,0.4557416532189102,0.0,0.0,0.0,stabilize
1761592088.7459495,6.1167893409729,0.0,0.0,2.022307568918462,0.0,0.0,0.0703880148212767,0.0,0.0,0.0,0.4210416089506493,0.0,0.0,0.0,stabilize
1761592088.8491013,6.219941139221191,0.0,0.0,2.0296373666439838,0.0,0.0,0.06681018680665335,0.0,0.0,0.0,0.436722074392627,0.0,0.0,0.0,stabilize
1761592088.9526353,6.323475122451782,0.0,0.0,2.036295334494879,0.0,0.0,0.060659977856706536,0.0,0.0,0.0,0.4,0.0,0.0,0.0,stabilize
1761592089.0559537,6.426793575286865,0.0,0.0,2.04230376503119,0.0,0.0,0.05073953347487609,0.0,0.0,0.0,0.40839673165141777,0.0,0.0,0.0,stabilize
1761592089.160197,6.531036853790283,0.0,0.0,2.0479109626658936,0.0,0.0,0.05035015300403211,0.0,0.0,0.0,0.44129747873429753,0.0,0.0,0.0,stabilize
1761592089.2640266,6.63486647605896,0.0,0.0,2.052926932546876,0.0,0.0,0.05223688444580047,0.0,0.0,0.0,0.48572069647767224,0.0,0.0,0.0,stabilize
1761592089.3717518,6.742591619491577,0.0,0.0,2.0576537127789787,0.0,0.0,0.04602104747334199,0.0,0.0,0.0,0.4761459558775837,0.0,0.0,0.0,stabilize
1761592089.4771976,6.848037481307983,0.0,0.0,2.0621274581361324,0.0,0.0,0.03889592688389729,0.0,0.0,0.0,0.4431526214197637,0.0,0.0,0.0,stabilize
1761592089.5803056,6.95114541053772,0.0,0.0,2.0659037313980844,0.0,0.0,0.04144353463271164,0.0,0.0,0.0,0.4948163505338426,0.0,0.0,0.0,stabilize
1761592089.6807935,7.051633358001709,0.0,0.0,2.0697176002447715,0.0,0.0,0.033744222391182965,0.0,0.0,0.0,0.42544661486317,0.0,0.0,0.0,stabilize
1761592089.7865038,7.157343626022339,0.0,0.0,2.0733367988298506,0.0,0.0,0.028525438287517933,0.0,0.0,0.0,0.4,0.0,0.0,0.0,stabilize
1761592089.889937,7.26077675819397,0.0,0.0,2.076453312296221,0.0,0.0,0.02677679614429643,0.0,0.0,0.0,0.4387348053636978,0.0,0.0,0.0,stabilize
1761592089.9942179,7.365057706832886,0.0,0.0,2.079059070673764,0.0,0.0,0.01980829748479692,0.0,0.0,0.0,0.4,0.0,0.0,0.0,stabilize
1761592090.0990708,7.469910621643066,0.0,0.0,2.0814285638805483,0.0,0.0,0.021346290452576452,0.0,0.0,0.0,0.4,0.0,0.0,0.0,stabilize
1761592090.2045524,7.575392246246338,0.0,0.0,2.0834235871402993,0.0,0.0,0.02467452465400098,0.0,0.0,0.0,0.49647921087676555,0.0,0.0,0.0,stabilize
1761592090.310055,7.68089485168457,0.0,0.0,2.085126524201587,0.0,0.0,0.01840196051246798,0.0,0.0,0.0,0.46885843352714957,0.0,0.0,0.0,stabilize
1761592090.4152825,7.7861223220825195,0.0,0.0,2.0865513302979117,0.0,0.0,0.017134979026434488,0.0,0.0,0.0,0.4790356101653007,0.0,0.0,0.0,stabilize
1761592090.5214045,7.892244338989258,0.0,0.0,2.0878913587037324,0.0,0.0,0.013487596946210989,0.0,0.0,0.0,0.4561846920481049,0.0,0.0,0.0,stabilize
1761592090.626609,7.997448921203613,0.0,0.0,2.089008759037434,0.0,0.0,0.00982402645476395,0.0,0.0,0.0,0.44883095458717803,0.0,0.0,0.0,stabilize
1761592090.7293746,8.10021448135376,0.0,0.0,2.089944374501869,0.0,0.0,0.007973949488670834,0.0,0.0,0.0,0.4443752333316602,0.0,0.0,0.0,stabilize
1761592090.8349574,8.20579719543457,0.0,0.0,2.0907967209870564,0.0,0.0,0.003761920690292698,0.0,0.0,0.0,0.42193234940070556,0.0,0.0,0.0,stabilize
1761592090.9423814,8.313221216201782,0.0,0.0,2.091649490468397,0.0,0.0,0.0010118006324655471,0.0,0.0,0.0,0.407979690399161,0.0,0.0,0.0,stabilize
1761592091.0457063,8.416546106338501,0.0,0.0,2.0923323977918478,0.0,0.0,0.00967132611783291,0.0,0.0,0.0,0.47650951977808065,0.0,0.0,0.0,stabilize
1761592091.1532578,8.524097681045532,0.0,0.0,2.093111481669994,0.0,0.0,0.006313642116870074,0.0,0.0,0.0,0.4,0.0,0.0,0.0,stabilize
1761592091.2573776,8.628217458724976,0.0,0.0,2.093671390586641,0.0,0.0,0.0046125968100959105,0.0,0.0,0.0,0.4500895099872555,0.0,0.0,0.0,stabilize
1761592091.3622382,8.733078002929688,0.0,0.0,2.0940446584079906,0.0,0.0,-0.001698989102433223,0.0,0.0,0.0,0.41432950244824324,0.0,0.0,0.0,stabilize
1761592091.4677784,8.838618278503418,0.0,0.0,2.094355193159113,0.0,0.0,0.007146149924328087,0.0,0.0,0.0,0.48171371617570935,0.0,0.0,0.0,stabilize
1761592091.5773234,8.948163270950317,0.0,0.0,2.094628706737861,0.0,0.0,0.0030989231195990494,0.0,0.0,0.0,0.4,0.0,0.0,0.0,stabilize
1761592091.6835532,9.05439305305481,0.0,0.0,2.0947252099896345,0.0,0.0,-0.0009538397067624087,0.0,0.0,0.0,0.4,0.0,0.0,0.0,stabilize
1761592091.787924,9.158763885498047,0.0,0.0,2.094504695627335,0.0,0.0,-0.0008096417723282116,0.0,0.0,0.0,0.4581763631123608,0.0,0.0,0.0,stabilize
1761592091.8925574,9.263397216796875,0.0,0.0,2.094196835460125,0.0,0.0,-0.0076445097537661995,0.0,0.0,0.0,0.4,0.0,0.0,0.0,stabilize
1761592091.9974627,9.368302583694458,0.0,0.0,2.0939191316415653,0.0,0.0,-0.006014906550426255,0.0,0.0,0.0,0.4,0.0,0.0,0.0,stabilize
1761592092.102883,9.4737229347229,0.0,0.0,2.0936768418931964,0.0,0.0,-0.007622655402860696,0.0,0.0,0.0,0.41746535105679683,0.0,0.0,0.0,stabilize
1761592092.2072084,9.57804822921753,0.0,0.0,2.093421701139089,0.0,0.0,-0.00587691133433616,0.0,0.0,0.0,0.4268811332970551,0.0,0.0,0.0,stabilize
1761592092.3157063,9.686546087265015,0.0,0.0,2.0931620110116924,0.0,0.0,0.006339440170164527,0.0,0.0,0.0,0.5059811816474494,0.0,0.0,0.0,stabilize
1761592092.4243798,9.795219659805298,0.0,0.0,2.094877104240268,0.0,0.0,0.03947250991014423,0.0,0.0,0.0,0.5177462120836831,0.0,0.0,0.0,stabilize
1761592092.5333629,9.904202699661255,0.0,0.0,2.0982784231957514,0.0,0.0,0.05422030926221349,0.0,0.0,0.0,0.5503231962315096,0.0,0.0,0.0,stabilize
1761592092.6390493,10.009889125823975,0.0,0.0,2.1044822586079177,0.0,0.0,0.044425067212719625,0.0,0.0,0.0,0.4,0.0,0.0,0.0,stabilize
1761592092.744865,10.115704774856567,0.0,0.0,2.108497380161017,0.0,0.0,0.04019496596635854,0.0,0.0,0.0,0.4916715283371737,0.0,0.0,0.0,stabilize
1761592092.850268,10.221107721328735,0.0,0.0,2.1114517096322554,0.0,0.0,0.014006923731556112,0.0,0.0,0.0,0.4023921783126332,0.0,0.0,0.0,stabilize
1761592092.9683745,10.339214324951172,0.0,0.0,2.113044573219855,0.0,0.0,0.01702279306753487,0.0,0.0,0.0,0.46879813419511324,0.0,0.0,0.0,stabilize
1761592093.1792204,10.550060272216797,0.0,0.0,2.106706376642839,0.0,0.0,-0.1002852891955562,0.0,0.0,0.0,0.4044956720924886,0.0,0.0,0.0,stabilize
1761592093.2812886,10.652128458023071,0.0,0.0,2.1251339040892177,0.0,0.0,0.36031668375856013,0.0,0.0,0.0,0.4,0.0,0.0,0.0,stabilize
1761592093.3881898,10.759029626846313,0.0,0.0,2.1584840470760964,0.0,0.0,0.269566967239413,0.0,0.0,0.0,0.4,0.0,0.0,0.0,stabilize
1761592093.4885006,10.85934042930603,0.0,0.0,2.181405103231189,0.0,0.0,0.18294331580909964,0.0,0.0,0.0,0.4,0.0,0.0,0.0,stabilize
1761592093.596739,10.967578887939453,0.0042643462331214185,0.0,2.2461299310808114,0.15577530528707306,0.0,1.1503471978374222,0.0,-0.18994252386832564,0.0,0.9,0.0,-0.2,0.0,auto
1761592093.7019947,11.072834491729736,0.03757218262329299,0.0,2.3769856865885135,0.49857838348442746,0.0,1.2745699433474542,0.0,-0.3336150020950897,0.0,0.5139575196201255,0.0,0.2,0.0,auto
1761592093.807882,11.178721904754639,0.105702937755203,0.0,2.514245828195774,0.749014622314335,0.0,1.3077613046536962,0.0,-0.1740437844032734,0.0,0.4188823423367436,0.0,-0.18814739401312325,0.0,auto
1761592093.9128866,11.283726453781128,0.1950787763079299,0.0,2.6530493929353662,0.9387187238283357,0.0,1.3220453041626525,0.0,-0.141113777285602,0.0,0.4,0.0,-0.1690913385423994,0.0,auto
1761592094.0180714,11.388911247253418,0.3026690273242678,0.0,2.79255736073381,1.0999714473306639,0.0,1.3155758372170478,0.0,-0.12028913360181853,0.0,0.40271413226908653,0.0,-0.10457613446511493,0.0,auto
1761592094.1224816,11.493321418762207,0.42454538347087356,0.0,2.929847859616874,1.2339758844866435,0.0,1.298720995627032,0.0,-0.11119811200652445,0.0,0.42043604384110983,0.0,-0.014701514560644731,0.0,auto
1761592094.228396,11.599235773086548,0.5610886627630781,0.0,3.066170573602158,1.3475833316110282,0.0,1.266576052624984,0.0,-0.10544831168676938,0.0,0.4148978815241746,0.0,0.05883769621133742,0.0,auto
1761592094.3330188,11.703858613967896,0.7067307917062803,0.0,3.1969583990941652,1.4408930819926355,0.0,1.226438901233819,0.0,-0.10341291092094435,0.0,0.4,0.0,0.11141104420642453,0.0,auto
1761592094.4377627,11.808602571487427,0.8615596185288485,0.0,3.3231915822491955,1.5179541291445982,0.0,1.1782960647260405,0.0,-0.09883278796964245,0.0,0.4,0.0,0.11179220241478335,0.0,auto
1761592094.5427172,11.913557052612305,1.0243387177732766,0.0,3.444484988671636,1.58345885889794,0.0,1.1295630550942133,0.0,-0.08958539366549245,0.0,0.4,0.0,0.08933672053647303,0.0,auto
1761592094.6486669,12.019506692886353,1.1951869327613682,0.0,3.561238110870952,1.6388760071839115,0.0,1.077098861540694,0.0,-0.07687105000513354,0.0,0.44442732375904026,0.0,0.02910720266870444,0.0,auto
1761592094.7523062,12.123146057128906,1.3668462298247543,0.0,3.669832176359038,1.6586641389348764,0.0,1.0214271337150684,0.0,-0.019744520207770316,0.0,0.41787527741227415,0.0,-0.14503035749143506,0.0,auto
1761592094.8575406,12.22838044166565,1.5422929599642656,0.0,3.774251590685408,1.6639659508907947,0.0,0.9647094575230795,0.0,0.012855289251904673,0.0,0.4,0.0,-0.19354443929495613,0.0,auto
1761592094.9622962,12.333136081695557,1.7168712671397555,0.0,3.872503197781314,1.6659117568955704,0.0,0.9089105994596233,0.0,0.01868724864424226,0.0,0.4,0.0,-0.12955738724460275,0.0,auto
1761592095.0675323,12.438372135162354,1.8916338010758735,0.0,3.965307410111088,1.65816714573953,0.0,0.8546976324960383,0.0,0.01649346980800256,0.0,0.43058036751026735,0.0,-0.0204491272674828,0.0,auto
1761592095.1720061,12.542845964431763,2.0638933701463267,0.0,4.051870190466306,1.6478625025768496,0.0,0.8013753108255051,0.0,0.0028386850883780467,0.0,0.4,0.0,0.10626631686696796,0.0,auto
1761592095.2775118,12.648351669311523,2.2362478113427042,0.0,4.1336854374544725,1.6263899183820603,0.0,0.7508428184542293,0.0,-0.0071092225753765104,0.0,0.4,0.0,0.09147759191729987,0.0,auto
1761592095.3776238,12.74846363067627,2.3979639698050765,0.0,4.2064200461573575,1.606509121089011,0.0,0.709834033083295,0.0,-0.020609856112395512,0.0,0.4,0.0,0.2,0.0,auto
1761592095.4830225,12.853862285614014,2.5660211652170477,0.0,4.278666617455041,1.573997616068329,0.0,0.6592035255213163,0.0,-0.00220047082574892,0.0,0.4,0.0,-0.07386072450724743,0.0,auto
1761592095.5891876,12.96002745628357,2.7328237532220685,0.0,4.346323930658422,1.5529621175686368,0.0,0.6152842701594025,0.0,0.03468187521292308,0.0,0.4,0.0,-0.2,0.0,auto
1761592095.6961474,13.06698727607727,2.8982648723227578,0.0,4.409680129546823,1.5327551180039463,0.0,0.5730269075725511,0.0,0.051928417293555955,0.0,0.4,0.0,-0.2,0.0,auto
1761592095.8006494,13.171489238739014,3.0569856434673985,0.0,4.46704872793722,1.5087057581755212,0.0,0.5246326612748266,0.0,0.03700999138160735,0.0,0.408163149430187,0.0,-0.0641858492836659,0.0,auto
1761592095.9075809,13.278420686721802,3.216588413541857,0.0,4.521303311139621,1.4821308120219487,0.0,0.4838494707125156,0.0,0.03122029049195198,0.0,0.4,0.0,0.05881449812221219,0.0,auto
1761592096.0124867,13.383326530456543,3.3701089188037296,0.0,4.570475334676807,1.4548980295973175,0.0,0.4489005130813891,0.0,0.014798873704320184,0.0,0.4,0.0,0.1501737915698661,0.0,auto
1761592096.1200275,13.490867376327515,3.5230202263632764,0.0,4.616467423189693,1.424071928808259,0.0,0.4191640875549572,0.0,0.002148532405855558,0.0,0.4525434953374002,0.0,0.13970009285920992,0.0,auto
1761592096.222439,13.593278884887695,3.668467683126196,0.0,4.65772653663391,1.3914805567696515,0.0,0.382750035004712,0.0,-0.0017818692430478181,0.0,0.4,0.0,0.10875502315722796,0.0,auto
1761592096.3270535,13.697893381118774,3.8126709800339635,0.0,4.696154527001553,1.3617069459936908,0.0,0.3494848532381246,0.0,0.006296904396257571,0.0,0.4,0.0,0.043526032519705174,0.0,auto
1761592096.4332142,13.804054021835327,3.9559708724794054,0.0,4.732035197958647,1.3323317248165365,0.0,0.3265875059814522,0.0,0.01739919940550982,0.0,0.45483951990830096,0.0,-0.04885190504244194,0.0,auto
1761592096.539005,13.909844875335693,4.095677808820126,0.0,4.764906314321294,1.3036319253362054,0.0,0.3018179897993858,0.0,0.02076737076313801,0.0,0.4638939871084162,0.0,-0.06472220015939029,0.0,auto
1761592096.64457,14.01540994644165,4.23140073312368,0.0,4.7949169027916545,1.2761415881905902,0.0,0.27207543525888644,0.0,0.024283658578438404,0.0,0.42784145724181066,0.0,-0.022767644407219574,0.0,auto
1761592096.7479584,14.11879825592041,4.362724278549985,0.0,4.822130390403979,1.2485556595900578,0.0,0.25139583800359405,0.0,0.030838162665402576,0.0,0.4,0.0,-0.08766388863191778,0.0,auto
1761592096.85272,14.223559856414795,4.492281778961492,0.0,4.8473634649029345,1.2248480584372297,0.0,0.23002444127938,0.0,0.03364688965599576,0.0,0.43504068166197074,0.0,-0.0034910217278901574,0.0,auto
1761592096.960386,14.331225872039795,4.622284361301452,0.0,4.871086132260232,1.1938931491026992,0.0,0.21816753241631764,0.0,0.017055388289351225,0.0,0.49088290887723457,0.0,0.04521675075256326,0.0,auto
1761592097.0644662,14.435306072235107,4.745112148610355,0.0,4.892186404880051,1.1665984788415718,0.0,0.1952086912645782,0.0,0.016055048206285318,0.0,0.45193055599935,0.0,-0.0020287987279754686,0.0,auto
1761592097.1703012,14.541141033172607,4.867327243801843,0.0,4.91178583598534,1.1412128464913793,0.0,0.17214170454751354,0.0,0.021676680890442546,0.0,0.40513408315706756,0.0,-0.053911851431130586,0.0,auto
1761592097.2734575,14.644297361373901,4.983712881486542,0.0,4.929351860134278,1.1153508045835099,0.0,0.1697869733746316,0.0,0.018562565094494943,0.0,0.4894198675653443,0.0,-0.03136985054692369,0.0,auto
1761592097.3774624,14.748302221298218,5.098494821650865,0.0,4.94555732723231,1.0906927828674482,0.0,0.14445519340522497,0.0,0.017087008232812406,0.0,0.4136088769324613,0.0,-0.026366529723367185,0.0,auto
1761592097.4828968,14.853736639022827,5.212280491924548,0.0,4.960567396090831,1.0661702169230378,0.0,0.1306061423748358,0.0,0.020269862758953306,0.0,0.4,0.0,0.004346867728224843,0.0,auto
1761592097.5927768,14.963616609573364,5.328100050687792,0.0,4.974744087379944,1.042682742756108,0.0,0.12293832382276909,0.0,0.032078082060281746,0.0,0.44299777094040677,0.0,0.10856507332263438,0.0,auto
1761592097.6978698,15.0687096118927,5.435764034125199,0.0,4.987222221198849,1.0194075661809945,0.0,0.11111677516077996,0.0,0.006615362778995303,0.0,0.4,0.0,0.17638033668634834,0.0,auto
1761592097.8030517,15.173891544342041,5.541295199463587,0.0,4.998512153428044,0.996156199490961,0.0,0.100204235208874,0.0,-0.007714311871443949,0.0,0.4,0.0,0.1653755941215718,0.0,auto
1761592097.908141,15.278980731964111,5.64452609044945,0.0,5.008947444836668,0.9692718647593498,0.0,0.09792029878841756,0.0,-0.004422189520309809,0.0,0.46363969422442025,0.0,0.0927651411997804,0.0,auto
1761592098.0131836,15.384023427963257,5.745381427984354,0.0,5.018504493342956,0.9471972835593597,0.0,0.08257338195513025,0.0,0.006322046542430237,0.0,0.4,0.0,0.006761391811407875,0.0,auto
1761592098.1175392,15.488379001617432,5.84330458530658,0.0,5.0272055729206855,0.9248836327561958,0.0,0.07887054515875713,0.0,0.014108342258475334,0.0,0.4,0.0,-0.046252191456657196,0.0,auto
1761592098.222812,15.59365177154541,5.939882477520449,0.0,5.035117840340838,0.9037605520401695,0.0,0.06820270491591807,0.0,0.024512885504011386,0.0,0.4101445175706945,0.0,-0.12580755268456256,0.0,auto
1761592098.3290186,15.69985842704773,6.035121632295608,0.0,5.042390897917652,0.8849546873613141,0.0,0.06639782644993047,0.0,0.03289361283668102,0.0,0.4506943271814727,0.0,-0.1072922295792636,0.0,auto
1761592098.436199,15.8070387840271,6.128976623105916,0.0,5.048977632584388,0.8652375944292995,0.0,0.05812073439964739,0.0,0.038081908746874386,0.0,0.4412650422700308,0.0,-0.09756185111807764,0.0,auto
1761592098.541077,15.911916732788086,6.218569468011084,0.0,5.054758074505176,0.8475002863831872,0.0,0.055990724844592187,0.0,0.027471801132841655,0.0,0.47087263102457483,0.0,-0.016219237278731674,0.0,auto
1761592098.6446793,16.01551914215088,6.304263557332038,0.0,5.059813351876455,0.8300372600406454,0.0,0.03786289953526976,0.0,0.005305424294037596,0.0,0.4,0.0,0.010053040073314277,0.0,auto
1761592098.7484171,16.1192569732666,6.3891443140243505,0.0,5.065722488263983,0.7948851865634237,0.0,0.05281349838108481,0.0,-0.020181815582306133,0.0,0.4682388399298567,0.0,0.03954562270321613,0.0,auto
1761592098.8543475,16.225187301635742,6.473175067311863,0.0,5.070739607479628,0.7775573252279332,0.0,0.04294436424090463,0.0,0.012196249747874928,0.0,0.42341330077530115,0.0,-0.1405890466161789,0.0,auto
1761592098.9598916,16.33073139190674,6.555114879585291,0.0,5.075101068742427,0.7627135565154228,0.0,0.03678023540351405,0.0,0.03440005204949948,0.0,0.40039349404252417,0.0,-0.2,0.0,auto
1761592099.0631382,16.43397808074951,6.632773335565536,0.0,5.078913900419745,0.7507563697894781,0.0,0.038601937830319094,0.0,0.04268511343868078,0.0,0.43999118819839034,0.0,-0.17857185117128932,0.0,auto
1761592099.167076,16.5379159450531,6.710084700737838,0.0,5.08232169322881,0.7306548493193225,0.0,0.02941672844617929,0.0,0.008255277039278528,0.0,0.4393586329554562,0.0,0.06304064885746999,0.0,auto
1761592099.2723615,16.64320135116577,6.785663221051963,0.0,5.085207898012955,0.7161605194967043,0.0,0.03083672294719115,0.0,0.007897011943802624,0.0,0.4792479814144273,0.0,0.06562589476584796,0.0,auto
1761592099.3773587,16.74819850921631,6.860267021278712,0.0,5.087842374499254,0.6996218642696558,0.0,0.031208447619235226,0.0,0.0028669073466477367,0.0,0.4996150632810496,0.0,0.05329342804989784,0.0,auto
1761592099.4819307,16.852770566940308,6.932582737472422,0.0,5.090086011626848,0.6830329579270669,0.0,0.024925216678387326,0.0,0.005016640076730357,0.0,0.48630060857979535,0.0,0.03378538204042811,0.0,auto
1761592099.5871155,16.957955360412598,7.0037185386966945,0.0,5.0919940309805,0.6674188552723491,0.0,0.01375764073496119,0.0,0.007867084320508826,0.0,0.4313580372954919,0.0,0.0042286275316353265,0.0,auto
1761592099.6918087,17.06264853477478,7.072946083560028,0.0,5.093557142557112,0.6527915886004881,0.0,0.00832440231658847,0.0,0.010506537667730503,0.0,0.4,0.0,-0.025016881660533632,0.0,auto
1761592099.796856,17.16769576072693,7.140895169635694,0.0,5.094925992789957,0.6381782219116063,0.0,0.006478264716889726,0.0,0.015386170370802305,0.0,0.4,0.0,-0.03139843710370686,0.0,auto
1761592099.902127,17.272966861724854,7.207444931198339,0.0,5.095983582837016,0.6249667632879954,0.0,0.009851592425003927,0.0,0.020432275916299793,0.0,0.46084012123684964,0.0,-0.0016219723185567543,0.0,auto
1761592100.005751,17.376590728759766,7.271368076401875,0.0,5.096817071657457,0.6121561179549481,0.0,0.007637045787795865,0.0,0.01445179928027803,0.0,0.4532307598294277,0.0,0.030112809399039923,0.0,auto
1761592100.1106515,17.481491327285767,7.334656313589186,0.0,5.097523676305362,0.5984084197390196,0.0,0.005837693914802842,0.0,0.0067450560256702595,0.0,0.4403084262993129,0.0,0.0722427622294076,0.0,auto
1761592100.2169797,17.587819576263428,7.397288073763797,0.0,5.09808876529734,0.5815669231043726,0.0,0.006540216531415739,0.0,-0.0008541757837682517,0.0,0.456433868733165,0.0,0.05636679653067993,0.0,auto
1761592100.322157,17.692996740341187,7.45784249837417,0.0,5.0986557319695285,0.5679604801505092,0.0,-0.00032733820673926453,0.0,0.003678196760684428,0.0,0.4,0.0,0.028987987805201038,0.0,auto
1761592100.4264262,17.797266006469727,7.516499537782512,0.0,5.099184203575889,0.5554615233517569,0.0,0.006579371423465909,0.0,0.005618733540477724,0.0,0.4641436430594977,0.0,0.017953263305133697,0.0,auto
1761592100.531662,17.902501821517944,7.574383594824918,0.0,5.099753785663716,0.5424728760481149,0.0,0.009560038150440599,0.0,0.008396308419718002,0.0,0.48249945407514966,0.0,-0.017563028427832205,0.0,auto
1761592100.638173,18.009012937545776,7.631639653652482,0.0,5.1002416106570365,0.529561536190462,0.0,0.0015443787377063777,0.0,0.012665354779427393,0.0,0.4,0.0,-0.026812134450570936,0.0,auto
1761592100.7430885,18.11392831802368,7.686706650875902,0.0,5.100390529344727,0.5186447950918891,0.0,-0.005350385258312343,0.0,0.01517623826136353,0.0,0.4037288749449451,0.0,-0.02161659583358108,0.0,auto
1761592100.8458667,18.21670651435852,7.739411152400409,0.0,5.100546099072116,0.5077235271377766,0.0,-0.004771972015125627,0.0,0.012560175709161077,0.0,0.4,0.0,-0.0059207720155527305,0.0,auto
1761592100.95112,18.321959733963013,7.79220867316703,0.0,5.100659284482448,0.49618119299363944,0.0,-0.0005159041576695902,0.0,0.011958960280954148,0.0,0.4,0.0,-0.0035300064639553117,0.0,auto
1761592101.0550766,18.42591643333435,7.8431338980980465,0.0,5.100690356877663,0.4843163990985062,0.0,0.0016203519814027428,0.0,0.009665068293744814,0.0,0.4,0.0,0.005867871195021844,0.0,auto
1761592101.158138,18.528977870941162,7.892487575229026,0.0,5.100594521344231,0.4737983027294218,0.0,-0.005166172309452512,0.0,0.01026819557031584,0.0,0.4,0.0,0.004626479827013593,0.0,auto
1761592101.2643526,18.635192394256592,7.942220934095739,0.0,5.100406743972984,0.46335124518993637,0.0,-0.009174463968806317,0.0,0.009653068713517348,0.0,0.4,0.0,0.00576590889458372,0.0,auto
1761592101.370031,18.7408709526062,7.990090028629877,0.0,5.10030627934808,0.4517655574837407,0.0,-0.001162262311544436,0.0,0.008358368736530708,0.0,0.456224316177448,0.0,-0.017291988136577164,0.0,auto
1761592101.4754515,18.846291303634644,8.03765793415719,0.0,5.10000089211785,0.44084940963207925,0.0,-0.008345832288090362,0.0,0.010502955255071684,0.0,0.4133367694030534,0.0,-0.018053368619027326,0.0,auto
1761592101.5804226,18.95126247406006,8.083472749636874,0.0,5.099653714535195,0.4311137621741861,0.0,-0.007819730754757599,0.0,0.011745781514956817,0.0,0.41825118176359033,0.0,-0.007523655337744865,0.0,auto
1761592101.685735,19.056574821472168,8.128354749795225,0.0,5.099220209309401,0.42140400354938345,0.0,-0.011357833771528932,0.0,0.010705212489870861,0.0,0.4,0.0,-0.003454103904372085,0.0,auto
1761592101.7916617,19.162501573562622,8.172445159213503,0.0,5.0988188531423,0.411253630821536,0.0,0.003031439136385837,0.0,0.010269543387668003,0.0,0.5038167140651981,0.0,0.000932501614535152,0.0,auto
1761592101.894199,19.26503872871399,8.214113615660512,0.0,5.098303300242418,0.40216400035930655,0.0,-0.00187825642341954,0.0,0.0075235192479564126,0.0,0.4719730504324782,0.0,0.006605785236482701,0.0,auto
1761592101.998823,19.369662761688232,8.255702308611472,0.0,5.097841772830231,0.3929091421688791,0.0,-0.010042824426616938,0.0,0.008094856907835521,0.0,0.4,0.0,0.0092360167442847,0.0,auto
1761592102.1066232,19.477463006973267,8.297534633118245,0.0,5.097627576481917,0.3824127930698617,0.0,-0.004160167101453822,0.0,0.014674966892221078,0.0,0.4269924488107821,0.0,-0.02681653155680284,0.0,auto
1761592102.2116144,19.582454204559326,8.337174444178341,0.0,5.09746923671986,0.3744379358875833,0.0,-0.007115563069430874,0.0,0.0113648764341486,0.0,0.4,0.0,-0.0007495155288708644,0.0,auto
1761592102.3145514,19.685391187667847,8.375164436514384,0.0,5.0972226190592345,0.3663484590340023,0.0,-0.007572071457517711,0.0,0.006106545015108068,0.0,0.41663268203031456,0.0,0.029104679112274982,0.0,auto
1761592102.41738,19.788219928741455,8.41229679185118,0.0,5.096920758798627,0.35798143272848043,0.0,-0.004831195189302483,0.0,0.002172633722064824,0.0,0.4,0.0,0.044735177322427704,0.0,auto
1761592102.5218995,19.892739295959473,8.449212826454838,0.0,5.096402495852494,0.3488134851857494,0.0,0.004571692797695651,0.0,0.002006399688241594,0.0,0.5101221623434923,0.0,0.0130803807398856,0.0,auto
1761592102.62782,19.99865984916687,8.485775472039036,0.0,5.095963506473763,0.3402582221901417,0.0,-0.005681553807790877,0.0,0.004086810411608811,0.0,0.4403440658865267,0.0,-0.0040331593648486545,0.0,auto
1761592102.7316508,20.102490663528442,8.520780265714354,0.0,5.095407159765226,0.33216249985510143,0.0,0.0011574846784859812,0.0,0.006737070095335522,0.0,0.49101078060245634,0.0,-0.029456701759556406,0.0,auto
1761592102.8369384,20.207778215408325,8.555491717198871,0.0,5.09499558923249,0.3246549403524932,0.0,-0.004528678613145907,0.0,0.011371305038610023,0.0,0.4,0.0,-0.042058895559046475,0.0,auto
1761592102.9414842,20.312324047088623,8.589145496139873,0.0,5.094500048903881,0.31789935226270216,0.0,0.004865846070898405,0.0,0.012218485283472613,0.0,0.5079291742209212,0.0,-0.03603713778852828,0.0,auto
1761592103.0443218,20.415161609649658,8.621478102629448,0.0,5.094101135875695,0.31117579640012594,0.0,-0.010306647083147932,0.0,0.010757363823584628,0.0,0.4,0.0,-0.01534473206751672,0.0,auto
1761592103.1501634,20.521003246307373,8.653992398982552,0.0,5.093746284063545,0.3043689993292779,0.0,-0.005925191104182281,0.0,0.008069977628038216,0.0,0.4,0.0,0.017267958779165274,0.0,auto
1761592103.254842,20.62568187713623,8.685384740206352,0.0,5.093319545216699,0.2972460237855487,0.0,-0.008472036886335507,0.0,0.004880401974940615,0.0,0.42113409652831774,0.0,0.0200899633873773,0.0,auto
1761592103.3592935,20.730133295059204,8.715993674082819,0.0,5.092837931449493,0.28972293392498616,0.0,-0.007567862813752495,0.0,0.003655712178301382,0.0,0.43091901050356163,0.0,0.018797110950566184,0.0,auto
1761592103.4645617,20.83540153503418,8.746134977262624,0.0,5.092218300657299,0.282835710373591,0.0,6.574815440300516e-05,0.0,0.004213533271015235,0.0,0.4898275573289807,0.0,0.004161983487745088,0.0,auto
1761592103.5699615,20.94080138206482,8.775614544041826,0.0,5.091658007726406,0.27586276528725484,0.0,-0.008827022945348774,0.0,0.0042312309141096065,0.0,0.4,0.0,-0.018191407291131237,0.0,auto
1761592103.6750803,21.0459201335907,8.804345170978696,0.0,5.091080705360399,0.2693433588167797,0.0,-0.01120883729902349,0.0,0.0058779806822078316,0.0,0.40955329858173467,0.0,-0.019253320870164466,0.0,auto
1761592103.7829542,21.153794050216675,8.833144547347999,0.0,5.090509985576553,0.26308430010786826,0.0,-0.009900153667483634,0.0,0.007796799239319733,0.0,0.4,0.0,-0.022691069898452834,0.0,auto
1761592103.8889384,21.259778261184692,8.860755428334658,0.0,5.0899006003610205,0.2570989715123924,0.0,-0.006522887896414056,0.0,0.008682196718623383,0.0,0.4445258197032352,0.0,-0.01780573490871849,0.0,auto
1761592103.9953065,21.366146326065063,8.887826051241774,0.0,5.089244259740057,0.25173458709992785,0.0,-0.009641284124978371,0.0,0.01038204312095936,0.0,0.41864258411477095,0.0,-0.012345845783710759,0.0,auto
1761592104.1003108,21.471150636672974,8.913904134119012,0.0,5.0887538443870834,0.2461738189140013,0.0,-0.006034366015762186,0.0,0.008094586296733767,0.0,0.4,0.0,0.002269343556390934,0.0,auto
1761592104.2038543,21.57469415664673,8.939022573652284,0.0,5.088161539552003,0.24045303517032748,0.0,-0.0007445449650877109,0.0,0.005675591909696436,0.0,0.4822744787990878,0.0,0.011365462511053892,0.0,auto
1761592104.3089082,21.679748058319092,8.963931742474886,0.0,5.0876658461658435,0.23512549613414382,0.0,-0.009099770174917116,0.0,0.004003227007565792,0.0,0.4178435747426867,0.0,0.01982522499976239,0.0,auto
1761592104.415759,21.786598920822144,8.98868031898826,0.0,5.087170250836929,0.22924092056603934,0.0,-0.011180996038578533,0.0,0.004504601853388281,0.0,0.4053097100715513,0.0,0.01747824121820766,0.0,auto
1761592104.5207675,21.8916072845459,9.012403731122482,0.0,5.086727023571442,0.22395477610178124,0.0,-0.008550826408497204,0.0,0.002795661147631921,0.0,0.4,0.0,0.02688307627751279,0.0,auto
1761592104.6266317,21.997471570968628,9.035763881405522,0.0,5.086192641721581,0.21854377263022906,0.0,-0.003917443215215358,0.0,-0.00034274750295684806,0.0,0.45771310562909484,0.0,0.01173657248083672,0.0,auto
1761592104.7314868,22.10232663154602,9.058271086029311,0.0,5.085699295235,0.21246954940674434,0.0,0.0034766275242244394,0.0,0.00010635242654030144,0.0,0.5080093320813566,0.0,0.010722589898681875,0.0,auto
1761592104.8358593,22.20669913291931,9.08036930615518,0.0,5.085136865580172,0.20752111244731422,0.0,-0.011936895512001253,0.0,0.002150991646392152,0.0,0.4,0.0,-0.005859768546347754,0.0,auto
1761592104.9410112,22.311851024627686,9.102016333600092,0.0,5.084480964988044,0.20249304198304885,0.0,-0.009651050911989022,0.0,0.004694331752826603,0.0,0.432631017537077,0.0,-0.022405677224329443,0.0,auto
1761592105.0468886,22.417728424072266,9.123298974094881,0.0,5.083722222723877,0.19794060876153952,0.0,-0.009672426523972152,0.0,0.006916185942580985,0.0,0.4,0.0,-0.028882494953217888,0.0,auto
1761592105.1523612,22.52320098876953,9.143987397012046,0.0,5.083199913413031,0.1934114795350567,0.0,-0.006648628792152517,0.0,0.008586203831676763,0.0,0.4,0.0,-0.026637320014861528,0.0,auto
1761592105.2568188,22.62765860557556,9.163986491916228,0.0,5.082505772549463,0.1897664841545707,0.0,-0.0127478705715064,0.0,0.007979991667309477,0.0,0.4,0.0,-0.0066782306421605195,0.0,auto
1761592105.36123,22.732069730758667,9.183511473733624,0.0,5.081868564748106,0.1857856447031798,0.0,-0.012704222843639475,0.0,0.004862261455100224,0.0,0.4107572538610062,0.0,0.011300275652862561,0.0,auto
1761592105.4661276,22.83696746826172,9.202670161935114,0.0,5.081116693573177,0.18100793709916674,0.0,-0.0036199918509978186,0.0,0.002436839440566509,0.0,0.47523132026383064,0.0,0.015898472089785377,0.0,auto
1761592105.5721476,22.9429874420166,9.221582135305374,0.0,5.080345161041135,0.17672699857969745,0.0,0.0014236462739654447,0.0,0.00045863550672162347,0.0,0.5051000169011328,0.0,0.023117380907713064,0.0,auto
1761592105.6771479,23.047987699508667,9.239881102090255,0.0,5.07963854295846,0.17217598510126106,0.0,-0.008090560257363946,0.0,-0.00012928676318672816,0.0,0.4,0.0,0.0183011394485621,0.0,auto
1761592105.7838452,23.154685020446777,9.257953593099218,0.0,5.078745607905073,0.16775593993391846,0.0,-0.008130876508975423,0.0,0.0012365370341009799,0.0,0.4532246623920292,0.0,0.004737387114924389,0.0,auto
1761592105.8867364,23.25757622718811,9.275160926218174,0.0,5.077759155589042,0.16405895786024605,0.0,-0.017729291400633295,0.0,0.001499778126176039,0.0,0.4,0.0,0.05104414879730652,0.0,auto
1761592105.9927113,23.363551139831543,9.292206602584654,0.0,5.076895061984269,0.15905240912225013,0.0,-0.009479875300573192,0.0,-0.004575714785334382,0.0,0.4,0.0,0.03872090472766957,0.0,auto
1761592106.0999796,23.4708194732666,9.309115520530943,0.0,5.075964300473205,0.15510481341102514,0.0,-0.012513707534641979,0.0,-0.001846494327649634,0.0,0.4,0.0,0.002294076587349356,0.0,auto
1761592106.2013392,23.572179079055786,9.324732934587983,0.0,5.075098493338968,0.14967497664846227,0.0,-0.007861034727355639,0.0,0.006911364276103715,0.0,0.4,0.0,-0.05859369549221967,0.0,auto
1761592106.3054311,23.676270961761475,9.340346452606733,0.0,5.074220887335267,0.1474382282007743,0.0,-0.005056025883399318,0.0,0.011003599701160594,0.0,0.4691188550282567,0.0,-0.060807578572082945,0.0,auto
1761592106.4091837,23.7800235748291,9.355584377642096,0.0,5.073488467521503,0.14545798064721066,0.0,-0.006473149397394294,0.0,0.012075683862277276,0.0,0.45155255809035394,0.0,-0.04117774163705003,0.0,auto
1761592106.5144787,23.885318517684937,9.37070493238506,0.0,5.072759474878359,0.14282209335991333,0.0,0.00015578372928854063,0.0,0.009798474512094847,0.0,0.4935299892451739,0.0,-0.014300551108068632,0.0,auto
1761592106.6165545,23.987394332885742,9.38502781554454,0.0,5.071971016252557,0.13937787772009333,0.0,-0.008232299632814199,0.0,0.011472386984044819,0.0,0.4544027998663791,0.0,-0.0036525311218437943,0.0,auto
1761592106.7217848,24.09262466430664,9.399361174542081,0.0,5.071014539819836,0.1372542909585278,0.0,0.00023943322106467248,0.0,0.004186670843024076,0.0,0.5111576335166254,0.0,0.04127426694415989,0.0,auto
1761592106.828726,24.199565887451172,9.413636031113837,0.0,5.070259693093138,0.13389375061108658,0.0,-0.003044104229076379,0.0,-0.0012065873325101811,0.0,0.47488349801675567,0.0,0.060391661412856165,0.0,auto
1761592106.934608,24.305447816848755,9.427454441689216,0.0,5.069630353866034,0.13025820966273668,0.0,-0.002617699440701407,0.0,-0.005458114653844671,0.0,0.4737518414178007,0.0,0.06726510817544334,0.0,auto
1761592107.0401037,24.410943508148193,9.440917454799648,0.0,5.069054892997586,0.12605401742488082,0.0,-0.008277632788356094,0.0,-0.006627079637417563,0.0,0.4272861795581964,0.0,0.047422872087945336,0.0,auto
1761592107.1438258,24.514665603637695,9.453863555355436,0.0,5.0685464642443225,0.1224037158916306,0.0,-0.005675826289388953,0.0,-0.00441832121436981,0.0,0.4400131324218225,0.0,0.014294865609490344,0.0,auto
1761592107.2491512,24.619991064071655,9.466732227737669,0.0,5.0679787676677215,0.11914033343460917,0.0,-0.008169569701887017,0.0,0.00041146834003300686,0.0,0.4286192359764729,0.0,-0.020998504525423768,0.0,auto
1761592107.3554218,24.726261615753174,9.479426021398462,0.0,5.067551253300359,0.11645671736434277,0.0,0.003788813847339213,0.0,0.005228067424018868,0.0,0.49797154621628525,0.0,-0.044658284582752034,0.0,auto
1761592107.4621704,24.83301019668579,9.491876986833264,0.0,5.067240557077316,0.11404899050059507,0.0,0.004939749911585741,0.0,0.00798390094288319,0.0,0.5005173801216062,0.0,-0.05070604218248188,0.0,auto
1761592107.568264,24.939103841781616,9.503933046547697,1.135964779288487e-05,5.068934433232045,0.1077624109623272,0.0021447602769720416,0.2017944177212142,0.015196703095497668,0.02810784499550414,0.00037420953787227495,0.9,0.2,0.2,-0.00035269708853649575,auto
1761592107.670539,25.04137873649597,9.504765496795871,0.008815841364189262,5.140344430973694,-0.16572899554915277,0.24467645193164062,1.1704005339007877,0.23721929721566673,0.25354546847965004,0.008517792099654867,0.9,0.2,0.2,-0.020934434467717245,auto
1761592107.7762065,25.147046327590942,9.460676133852656,0.0608286292764743,5.292697486538331,-0.6388216830065129,0.7170871319081532,1.5853164482605173,0.2752045983019266,0.27239811594245095,0.014082950016603467,0.4,-0.2,-0.2,-0.028669091606958193,auto
1761592107.8817768,25.25261664390564,9.379361900198987,0.1503353379816254,5.47402654515699,-0.8646053888647077,0.9349690252824886,1.812840742340374,0.1482699974219492,0.17157232048692314,0.010956543948309368,0.4101829335304132,0.19307675758707266,0.11716601366985999,-0.015292541232771415,auto
1761592107.9856002,25.35644006729126,9.277903838801377,0.2582326505679263,5.6760015149473055,-1.0588123174114763,1.116726012276149,2.0303453578362136,0.10606611210193106,0.11818606254588711,0.005552136781621922,0.4357469971467813,0.2,0.2,-0.0025446580045540767,auto
1761592108.0940542,25.46489405632019,9.153682098375064,0.38810853194996575,5.9069612720398155,-1.2163681455311053,1.266186380762398,2.2306157327760916,0.07753502571757036,0.08566221537217399,0.0010867893608290091,0.6571800692816359,0.2,0.2,0.00402818750612857,auto
1761592108.1992533,25.570093154907227,9.019030995549544,0.527489086757775,6.1475589230239045,-1.3416908840417807,1.3852517045808057,2.3542243412160504,0.0692071601490111,0.07246590034900986,-0.0024001989307975043,0.5240298395654022,0.04969093456965124,0.09844274270971284,0.008221499585071245,auto
1761592108.3028939,25.673733711242676,8.87510844733699,0.6753854191232634,6.39782275272028,-1.4443247491044449,1.4815431243836652,2.487608817212997,0.08229268219606405,0.07747900011189664,-0.005323070333045593,0.6085573848578053,-0.11864463960077876,-0.04417669695607944,0.011786615550882742,auto
1761592108.406187,25.777026891708374,8.722400140119671,0.8315147090291574,6.659179501423333,-1.5238565474735086,1.5545800322005987,2.572431606288853,0.09694405787349425,0.08624748296100387,-0.007415023785191688,0.4,-0.2,-0.16195051123850934,0.013891054079336454,auto
1761592108.5121067,25.882946491241455,8.557987318739379,0.9990831922861098,6.937444846795081,-1.584469974855434,1.6160319020154574,2.672483572116768,0.09979609666385306,0.05751403330624302,-0.008555586918557784,0.48735979786484573,-0.2,-0.2,0.014404869226798308,auto
1761592108.6171021,25.98794198036194,8.39173372228118,1.1712167773556938,7.221652077276021,-1.5939927674126215,1.6657762901108417,2.7696786515948264,0.09485229059685803,0.07233582647142071,-0.009597389397549802,0.6443812152840136,-0.1321891064002004,-0.2,0.015828067714809737,auto
1761592108.7228212,26.093661069869995,8.222882775593783,1.3490148058389897,7.515681771452204,-1.5933913698361166,1.6770057333161223,2.8205029504835095,0.02224999147695879,0.048349508551478584,-0.010825395001824015,0.5647626445794297,0.14627408470477685,-0.0009192330993646018,0.0177108251384149,auto
1761592108.827736,26.198575735092163,8.0552240653224,1.5255570470420692,7.812910773272853,-1.5885570618884262,1.6736208067993237,2.8613692534838453,-0.009966206401227353,0.015721370407498058,-0.010970617385830056,0.4850127714330619,0.2,0.137513277438632,0.016865247202395527,auto
1761592108.932834,26.30367374420166,7.887806531315488,1.7016681140242678,8.116022763141062,-1.583063070816572,1.6711512238543687,2.9024984093484383,-0.02845535346111429,-0.015367565007971193,-0.010881437678597712,0.4,0.1759893296164094,0.2,0.01648178562414026,auto
1761592109.0378711,26.408710956573486,7.721809832721067,1.8761696377908061,8.423159272289453,-1.5734781078818592,1.6625418996212395,2.9366795693585033,-0.005881674295330375,-0.02018155192122833,-0.010750379528308105,0.4,-0.04627342153283309,0.16712734164794849,0.016258227718028536,auto
1761592109.1477547,26.51859450340271,7.549898305468741,2.0570438897518093,8.748586219813946,-1.5588577677510747,1.6497289907098764,3.0004081060779426,0.04152640076056365,-0.016218141609426716,-0.009654118358936113,0.4,-0.2,-0.2,0.01336560463262705,auto
1761592109.2514699,26.622309684753418,7.3908336037699005,2.226322928667626,9.059486254020316,-1.5281750523821667,1.6130391503109838,3.0184394264613146,0.03249789880910411,0.04227524162979279,-0.008795631127357362,0.536121045545544,-0.03953964173132559,-0.2,0.012498955009520156,auto
1761592109.3539543,26.724794149398804,7.235338375634129,2.3912732316847065,9.368875099142723,-1.5040039119942228,1.5900597055056758,3.0207918099058104,-0.007112018240648162,0.03140795721068618,-0.00837801402837523,0.4,0.19981998436424198,-0.06804183457600556,0.01219667237431316,auto
1761592109.4583166,26.829156398773193,7.079069347652763,2.5568445481517754,9.685872655145838,-1.4795085981823104,1.5694222567028502,3.041741240452592,-0.03915936072404434,0.006613659202752252,-0.007456689388805653,0.4,0.2,0.06792790926553564,0.010396517697360998,auto
1761592109.5665057,26.937345504760742,6.919786639772779,2.7253518755268824,10.016175211220396,-1.453130821703833,1.5455256083314546,3.0670957957448612,-0.034640206491966155,-0.009635218403112072,-0.006221116960479222,0.46086447536359404,0.2,0.2,0.008391718823801563,auto
1761592109.6711686,27.04200839996338,6.769032362169483,2.884744682886507,10.337069794461895,-1.4222110775204033,1.5104810922108995,3.0631231710416627,-0.0010954626621758447,-0.0019076459304760204,-0.004801425886880227,0.4,-0.07088333555835091,0.09784858509518699,0.005857539691310651,auto
1761592109.774797,27.145636796951294,6.622267199844139,3.039703457570607,10.65592680465902,-1.4001688217359092,1.4842056579084066,3.084074793520086,0.0010856601235784864,-0.020219346011023227,-0.0029171873256520877,0.4,-0.07206982552027258,0.16732253248573328,0.0025089555032383926,auto
1761592109.8801377,27.250977516174316,6.475681503042546,3.1943793133087355,10.980859938664011,-1.377773242720385,1.4567550489766274,3.10270994006662,0.00675296576049117,-0.026134616530061255,-0.0013428417364743663,0.5484811890650511,-0.04446383776733803,0.15935103136790027,0.0003849610162426709,auto
1761592109.9871795,27.35801935195923,6.329582626786142,3.3484904999866605,11.311756226193385,-1.35199568873742,1.4243042770358703,3.0850212248433526,0.010960212367306106,-0.023735056372554342,-0.0001313715433044597,0.4176607242729963,-0.051392190361250145,0.08747547076170155,-0.0010131572042986156,auto
1761592110.0938976,27.46473741531372,6.187568142735545,3.4982338686920738,11.640763980986476,-1.3274177029961076,1.3940582241400892,3.100648414253629,0.004891702009619545,-0.02071950545790545,0.0007452195859041803,0.4889516063182289,-0.01188174906635205,0.010353519235206629,-0.001916178980575348,auto
1761592110.198046,27.568885803222656,6.050479630121795,3.6427362854684353,11.965490711432476,-1.3010154640849787,1.3637712221548592,3.1056727601136744,0.0003340040768446085,-0.006957069846611603,0.0013587599049438115,0.4874914536455916,0.046329241130571755,-0.05968062776208048,-0.0024458930602756475,auto
1761592110.3046975,27.67553734779358,5.913547548681494,3.7870200152970295,12.296918067674934,-1.2751296329644726,1.3359671303481373,3.105534926981801,-0.009337588263570167,0.001777586564797394,0.001907538828928316,0.4,0.06266607540869885,-0.12611000304457617,-0.003127233052418298,auto
1761592110.4115915,27.78243136405945,5.779191280901299,3.928483758911594,12.629312858261217,-1.2460749436578937,1.3068769572034542,3.104594685123208,-0.0237390135850892,0.002360639585943156,0.0019277016099314447,0.4,0.018970087052670906,-0.18799386429501733,-0.0026525930035338407,auto
1761592110.5157993,27.88663911819458,5.651189606388497,4.063139591172124,12.953778206807394,-1.2196548798938216,1.2822784318289875,3.1161660829882787,-0.018806002621839835,0.012462324597436705,0.0012859334635739325,0.4,-0.014622795722570012,-0.17937246902761927,-0.0009341127526677964,auto
1761592110.619767,27.990606784820557,5.5260538083638435,4.194731995624656,13.277810516685511,-1.1913071987898909,1.2559696714695816,3.1135580595208108,-0.010412698506754445,0.016076094425225066,0.000821378947625753,0.4,-0.028104247419567806,-0.08718068368495657,-0.0002227528314032132,auto
1761592110.7288833,28.09972310066223,5.397528045365746,4.329640609075659,13.61787231566726,-1.1572920029217493,1.2210572431812554,3.112258425297717,0.01049138863394103,0.014046698343278326,-5.623791618780788e-05,0.4,-0.06079508475178083,0.039610018150193764,0.001557922382768106,auto
1761592110.835777,28.20661687850952,5.274213723435616,4.458925013329422,13.95121279956978,-1.1331060529011099,1.1933784404667702,3.1274344488312464,0.0023146509921898057,-0.01927320562072503,-0.001255355055509028,0.5097458115034499,-0.019976514693793895,0.17334355822003547,0.0037542622295047047,auto
1761592110.9403179,28.311157703399658,5.156300391581847,4.582596647541357,14.277518570303062,-1.112665471322034,1.1680065475169528,3.117344492725571,-0.001041449162581221,-0.03242188592731397,-0.0018150039590622581,0.4,0.07998362677429474,0.2,0.003980240818494298,auto
1761592111.044202,28.41504192352295,5.0417120459705025,4.702929000317807,14.601994524518732,-1.090749611110872,1.1417166030221126,3.124052460286188,-0.010187270340559067,-0.03417835780202727,-0.0018395022811418583,0.4,0.11880901709334447,0.1574190705591911,0.003357576083315216,auto
1761592111.1532764,28.524116277694702,4.924291250931212,4.826587031909236,14.942988636731815,-1.060420066728634,1.1128231244336455,3.1306488418187066,-0.033722377927978775,-0.02992745125311531,-0.002993488511473987,0.4,0.2,0.17509264277314235,0.006072423380673526,auto
1761592111.2578254,28.62866520881653,4.814356892419168,4.942229583124331,15.270046677473507,-1.0423348700177146,1.0946132395446129,3.125642886136312,-0.038298865150926835,-0.028058002670674324,-0.004711478486764448,0.4,0.16756274286063297,0.08443981719406338,0.00960912242741649,auto
1761592111.361881,28.732720851898193,4.707257835218095,5.054865206237159,15.595738363910712,-1.0228404566872458,1.0754448349598553,3.1279122577216523,-0.029287820990853086,-0.017186479357263806,-0.005644526451117343,0.45619713448999877,-0.0018884156223105877,-0.05827411084488705,0.010323022097887508,auto
1761592111.4655821,28.836421966552734,4.602845571377613,5.164650583196962,15.92026383081715,-1.001662981003262,1.0542599604107765,3.124693249360419,-0.007101873973303249,0.0023470914523952315,-0.0065785695176321145,0.41369694819521396,-0.136742469774834,-0.15374793931231268,0.011538127028914158,auto
1761592111.5712628,28.942102670669556,4.499172398436185,5.273619979903633,16.24967372025473,-0.9772460281287666,1.028991764391827,3.134336403617401,0.004176995534051806,0.008547927738593877,-0.007389551382040561,0.4,-0.16086744884594045,-0.13993367752216623,0.012671479106961972,auto
1761592111.6747396,29.045579433441162,4.398904624400346,5.378992712541652,16.56989139636967,-0.9542908744132292,1.004566786101083,3.0270178414613853,0.01864297485608646,0.015125188483383059,-0.007645175319498942,0.4,-0.17320463658304186,-0.11925569644388785,0.012590442067526712,auto
1761592111.780048,29.150887727737427,4.299905826677262,5.483027857418855,16.88186718036776,-0.930789322319509,0.9788115542306027,2.9222767898008226,0.009992724396734761,0.002810499980925349,-0.007744823642949645,0.4,-0.04249430533845443,0.00847037402733225,0.012509168583676986,auto
1761592111.885621,29.256460905075073,4.2018282060494805,5.586090611585133,17.18604970569236,-0.9109821564661644,0.9569419250615275,2.812840365709916,-0.007804326166138813,-0.014206367862022071,-0.007305026596526073,0.4,0.06850001980800371,0.09414202590200264,0.011208424616675759,auto
1761592111.9911504,29.361990213394165,4.106414647698674,5.6863523359754815,17.476930761997586,-0.892799058963451,0.9372181773562439,2.70419016517512,-0.016592095360069576,-0.019866793468275173,-0.006716311707615375,0.4,0.11734257046436111,0.111921911291463,0.010072961090013183,auto
1761592112.0950284,29.4658682346344,4.0145180085156955,5.782926737469465,17.751989056986833,-0.8747498494924955,0.9181916215293481,2.593057044099017,-0.02336032188740826,-0.021957479574232386,-0.006119315873940062,0.4,0.10846826953217914,0.08071979458724543,0.009173980888337343,auto
1761592112.2057111,29.57655096054077,3.9189005575584055,5.883533581692617,18.035408883724372,-0.8480304311701252,0.8927488632635617,2.528018061738534,-0.030542173897529463,-0.021838544995514343,-0.007231859946060466,0.4,0.2,0.17216588693857704,0.012536584573961795,auto
1761592112.3118966,29.68273639678955,3.8292752339715133,5.977818214524237,18.299145019297193,-0.8347392077808429,0.8791443433827234,2.4359255566077738,-0.036257022237212194,-0.030808649482309887,-0.008291709316895397,0.4,0.11404860491598481,0.11079567743737742,0.014645077274904827,auto
1761592112.416397,29.78723692893982,3.7429706307212522,6.068590563482832,18.549292633693522,-0.8196335369320442,0.8631732471425488,2.3466232764385544,-0.024064004003411826,-0.023113694884222696,-0.008330811737478317,0.4,0.013677713311365476,0.03796578584951353,0.013709008741800373,auto
1761592112.5215006,29.892340421676636,3.657972531926488,6.157973291120438,18.791117491078268,-0.803637176606913,0.8458767767207724,2.25625551261864,-0.00902547946241682,-0.011804039427335667,-0.007943736569258522,0.4,-0.08992788492598418,-0.05311389399255784,0.012459550731837214,auto
1761592112.6260011,29.996840953826904,3.57526198073026,6.2449350706137805,19.021775132706367,-0.7844116905159477,0.8247806689406953,2.158340184305463,0.00037061069945694414,-0.004042870429474239,-0.00738952365475399,0.4,-0.09517259110322385,-0.064602402759912,0.011406162004223992,auto
1761592112.730012,30.1008517742157,3.49467860518423,6.329644105260587,19.240768663043813,-0.7667777650935349,0.8055264021754802,2.0527360614967165,-9.655435227306425e-05,-0.0034615682281575475,-0.006334307185552574,0.4,-0.061535156248872694,-0.04942442683149868,0.009275502354770895,auto
1761592112.8327265,30.203566312789917,3.416774210334937,6.411528023519428,19.446314933745313,-0.7497847054579513,0.7873471475295295,1.9493416551758371,-0.004386578209414451,-0.004944082421539724,-0.005177878612637407,0.4,0.00312339029015825,-0.006365120434260699,0.007325301179282945,auto
1761592112.93569,30.306529760360718,3.3402910260283143,6.4919101043846466,19.6418384250897,-0.7332729269653249,0.7701055887421152,1.8494373983374748,-0.01344677849384261,-0.01123967014475998,-0.0042266354712278496,0.4,0.06607584625625881,0.044901140934631885,0.006073702524970413,auto
1761592113.0401626,30.41100239753723,3.2643226867153827,6.571741868981824,19.82986986307286,-0.7181042494378855,0.7544409893028183,1.7517890619691965,-0.020489849756992265,-0.017045762370772103,-0.0035859411800911022,0.4,0.10786807659426235,0.08778223809097428,0.005512315145618316,auto
1761592113.142622,30.51346182823181,3.191451941390219,6.648306821319449,20.004295102130712,-0.7036803018300058,0.7395560848624886,1.6529849836663284,-0.01882928337035492,-0.01604390944099322,-0.0030719020118406735,0.4,0.03610631458606666,0.028986043249872778,0.0049616573141348964,auto
1761592113.245835,30.61667490005493,3.1195860711537593,6.723808583509777,20.169862484264634,-0.6895857436672743,0.7248275355977126,1.555036077869994,-0.01550888500038218,-0.014286025105465104,-0.0025134481985809062,0.4,0.017499810873054453,0.021590139206189685,0.004141364908851807,auto
1761592113.351748,30.722587823867798,3.047388685500506,6.79965424686995,20.32926196934716,-0.67451643927145,0.7088823759312118,1.4551282453562977,-0.013749738981054287,-0.013825019950171822,-0.0019901574847775725,0.4,-0.035072531584238176,-0.02414769893872492,0.0034004266537399053,auto
1761592113.4586701,30.829509973526,2.976282071672008,6.874351002454998,20.479608178631683,-0.656360868908852,0.6895986562053531,1.3560476876090888,-0.008503634798742386,-0.009425333974632326,-0.0016066900186532131,0.4,0.008121982569592791,0.01666938538092921,0.003005430883105986,auto
1761592113.5620227,30.932862520217896,2.9091036039588296,6.944921093927277,20.61482970784796,-0.6421498460484338,0.6744695490463734,1.2608896553137539,-0.011264119344059494,-0.011894021164471795,-0.0012452093176778564,0.4,0.023412334263841948,0.026555715105326325,0.0025017687909066333,auto
1761592113.6626754,31.033515214920044,2.844997504025572,7.012264823158289,20.737318859311255,-0.6299678766330502,0.6615513853062155,1.1800635061286908,-0.02425348642831967,-0.023285034083779046,-0.0011420430311501828,0.4,-0.11236279721830668,-0.10988640440531011,0.0024675611003885304,auto
1761592113.7666998,31.137539625167847,2.78079616008451,7.079704401232655,20.856361111430587,-0.6148066880120892,0.6457050773366158,1.1114599767561588,0.006675248052233111,0.006808737168463409,-0.0021566738247800923,0.4,-0.1492690059430924,-0.14691649541612012,0.0053199851266260405,auto
1761592113.871935,31.242774724960327,2.7170122230362708,7.14670303032574,20.969195960842814,-0.6003840330432546,0.6306338875620903,1.03245598259956,0.006956746902212712,0.007161093624333387,-0.003077371546021367,0.4,-0.09206596797403661,-0.0908323905051768,0.00694447793040311,auto
1761592113.977028,31.347867727279663,2.654620213230758,7.212236712978891,21.07341757489642,-0.585578900956764,0.6151091008960248,0.948590249083253,0.0019211269930679243,0.002096371814377244,-0.003313350863848353,0.4,-0.016997118137683464,-0.016792125999939126,0.0066530965190776635,auto
1761592114.0839128,31.454752683639526,2.592506199131853,7.277476967311464,21.17042425289777,-0.5731656119333473,0.6020645626559217,0.8655627245311,-0.00441922058549408,-0.004250072389852889,-0.0032605518678440757,0.4,-0.01883657673397331,-0.01693353762013847,0.006143813155131829,auto
1761592114.1888297,31.559669494628906,2.5329333136874888,7.340047562862203,21.25658002320225,-0.5600077338060258,0.5882133960131222,0.7765363900459784,-0.008475055150581598,-0.008315088946858382,-0.002938791437361939,0.4,0.0170453493075382,0.017738779058581306,0.005296074009647492,auto
1761592114.293317,31.664156913757324,2.4748552565876887,7.4010491530077935,21.332981382875676,-0.5490746836420903,0.5767061695617508,0.6865823626752964,-0.01565497403178244,-0.01516066000743233,-0.00239840997484162,0.4,0.060349231247995495,0.058293799055801516,0.004195151779864317,auto
1761592114.3975646,31.768404483795166,2.4181364787059243,7.46062444472055,21.399855220189227,-0.5383581333112085,0.565448331815586,0.5963924633912425,-0.01709162244233294,-0.01640536458285538,-0.0019031412185698336,0.4,0.025755929050239663,0.024424034931966914,0.003442452045675221,auto
1761592114.502363,31.873202800750732,2.362339757180931,7.519232515805167,21.457686345205147,-0.5278547681573504,0.554434717245574,0.5072043160439124,-0.014736804940512702,-0.014029242439989762,-0.0014925802265067548,0.4,-0.015401753651668681,-0.015329692732679503,0.0029149919056796667,auto
1761592114.6063738,31.977213621139526,2.308155541601403,7.576147918487425,21.505918207320597,-0.5165898974286163,0.5426321847015737,0.4203856446821093,-0.010685630070501597,-0.010107927802008268,-0.0012250765339681681,0.4,-0.03067185415741301,-0.029839254421423992,0.002684851925829101,auto
1761592114.7104695,32.08130931854248,2.2550877942193246,7.6318917669185184,21.545097331543435,-0.5052809556857351,0.530780816031451,0.33331719821207867,-0.007171671755175658,-0.0067809064982207925,-0.001008891730694792,0.4,-0.05242424260076335,-0.050113384287387874,0.002447236412390305,auto
1761592114.8147697,32.185609579086304,2.2030775854295723,7.686525991789232,21.57527341475126,-0.4936449819304304,0.5185755514437571,0.245391677036462,-0.005103607433646345,-0.00487390494371818,-0.000831529638834239,0.4,-0.02872185819791523,-0.027067160963920804,0.00226127032075555,auto
1761592114.9198372,32.290677070617676,2.151821099174913,7.740369807965418,21.59638949893794,-0.48198778969308753,0.5063364909081375,0.15651855338307388,-0.005676902147568152,-0.005477800056476153,-0.0006212367921563978,0.4,-0.0032560403291859883,-0.002608931712018453,0.0019347555817958466,auto
1761592115.0233188,32.394158601760864,2.1024607724271482,7.792223105792174,21.608074572652892,-0.47073184209481506,0.4945121821062669,0.0691117946257937,-0.009155216401752627,-0.008806035002665587,-0.00042189303026130833,0.4,0.014306156108549463,0.013992741795667054,0.0016289263063275874,auto
1761592115.1279564,32.498796224594116,2.053653549907444,7.843496687652424,21.610675932356227,-0.46083967314411806,0.4841249751789931,-0.018871850699152475,-0.010182744685602462,-0.009758246785432762,-0.00023664256113388194,0.4,0.0468792534383435,0.04467142114101909,0.0013713355369244702,auto
1761592115.2332387,32.60407853126526,2.0056031145921285,7.8939766617194405,21.604120838739455,-0.44946198099537044,0.47218105229652013,-0.10489385761995068,-0.013982706477179562,-0.01333073197557411,-0.0001826746956408249,0.4,0.051449021285632314,0.04878701616378654,0.0014199137827709324,auto
1761592115.3363545,32.707194328308105,1.9596152665191522,7.942290730388956,21.58891366807803,-0.4408347572797486,0.46312856656993523,-0.18998852742762587,-0.017487649738366976,-0.01662421099931068,-0.00018941813849483673,0.4,0.047307456533400474,0.04470130821138557,0.0015375426914040471,auto
1761592115.4415052,32.812345027923584,1.913760929150769,7.990465205776478,21.56441224867619,-0.43184784047193264,0.4537000863778637,-0.2764445788152357,-0.016682107962374095,-0.015839118976949774,-0.00017213465137999004,0.4,0.005403778183668171,0.0048615652389678,0.0015048201427130827,auto
1761592115.5445282,32.91536808013916,1.8699009590292655,8.036544883638749,21.531607604472484,-0.4221181615687281,0.44348984657602436,-0.3607412715337435,-0.009330686316216908,-0.008852490324077634,-0.00014473683450465943,0.4,-0.022244878082740248,-0.021248967637334977,0.0014487771776535894,auto
1761592115.6477118,33.01855158805847,1.8272199802645215,8.081385696526116,21.490722871178797,-0.4039296693103877,0.42437539690013215,-0.43043621585654424,-0.0007897147899419334,-0.0007910636341457706,-0.0006040435882591906,0.4,0.03535488755688681,0.033864695787901744,0.0026209066450094036,auto
1761592115.7512088,33.1220486164093,1.7854306641802717,8.125290045614959,21.442532037697603,-0.3969287541319198,0.41699947698212364,-0.4972583173539417,-0.015889006026491605,-0.015178530069353506,-0.001342396099925,0.4,0.11700686995041037,0.111346435801168,0.004110801214963888,auto
1761592115.8564599,33.22729969024658,1.743815111723827,8.169011629432116,21.38838374103206,-0.3897988092611019,0.4094932787796745,-0.5327867640335506,-0.021923319059278995,-0.020863765164870072,-0.0018477177955915493,0.4,0.09674090371990483,0.09156885646015908,0.004756499782341257,auto
1761592115.961238,33.332077741622925,1.7033790494484993,8.211493011878357,21.33105792864474,-0.38218821289176946,0.4015038577434331,-0.550329451562628,-0.01824569213772939,-0.017276979765417106,-0.0019007476773165199,0.49239630117270233,0.027920619623078735,0.025853123397739892,0.004364355831344792,auto
1761592116.0663903,33.43723011016846,1.6637552544279943,8.25312014238408,21.27159889944021,-0.3737165789437178,0.3926215380731212,-0.567949914883677,-0.013310963990556817,-0.012557703785167205,-0.0016888798602626947,0.47095346641860125,-0.00498223362830451,-0.005224821611381754,0.0036624305811105056,auto
1761592116.1704893,33.54132914543152,1.6254402412055111,8.293372105051446,21.211842523383062,-0.36573229984875727,0.3842531887411181,-0.5710960475213198,-0.007019497231507314,-0.006612783977973091,-0.0014415931574693068,0.47437001273973695,-0.04121520906323255,-0.03912833225460034,0.003170395467598214,auto
1761592116.2768624,33.64770221710205,1.5871636469870445,8.333583806882205,21.15081394462797,-0.3569642920177692,0.3750502510446482,-0.5662151981509348,-0.0033810776274735992,-0.0032306049479171968,-0.0012174755626383881,0.48503478806034356,-0.04797727621427193,-0.045014385384360964,0.0028506629564411887,auto
1761592116.382817,33.75365686416626,1.5501229886598282,8.372497339100992,21.091166025213496,-0.348080498084454,0.3657163550512831,-0.5605478809770619,0.0014276365619934049,0.0012548794007781596,-0.0010115231034575547,0.4,-0.04970818477150739,-0.04627633982012082,0.0025760525813571735,auto
1761592116.4888213,33.85966110229492,1.5135473399031185,8.410922807942027,21.03218910069242,-0.3389239506965365,0.35608495380333666,-0.5384019187572799,0.000650546652194676,0.00044585991015696293,-0.000836926555146358,0.5056806334666322,-0.04182343443192585,-0.03872339407084792,0.0023502005813195574,auto
1761592116.5955305,33.96637034416199,1.4777809006627187,8.448498556772368,20.974878711184395,-0.3305739773895336,0.34729733056278683,-0.5231102444518017,-0.0010704965440150285,-0.0012145108357963252,-0.0006457884397836623,0.48818250264350044,-0.0204596244305922,-0.018652895602917895,0.002059585733396043,auto
1761592116.701167,34.072006940841675,1.4432286963354675,8.484799228045953,20.920397513381364,-0.32162378142380055,0.3378790436749502,-0.49385733040767443,-0.004556310454920026,-0.004496156909943789,-0.0004627908408673836,0.5327413971730113,0.024743228244062814,0.023806073534833827,0.00178983207342908,auto
1761592116.8046339,34.17547369003296,1.4101875434073055,8.519513019425112,20.869429737916963,-0.31455679947087667,0.33044595587292386,-0.49160696074404975,-0.009261245556445237,-0.008870148481321552,-0.0003255184152692406,0.409202950128042,0.041881044145784266,0.03940845443546309,0.0016296940536024282,auto
1761592116.9105675,34.28140735626221,1.377116984689105,8.55425827538424,20.819074963729506,-0.30757979359614346,0.32312309891339724,-0.46723404659739987,-0.012194657548699767,-0.011566763924868741,-0.0002511452253548672,0.4,0.06344091069932371,0.05945404988139498,0.0015938455206725188,auto
1761592117.0152962,34.386136054992676,1.345189640062167,8.58780282625259,20.771309137258065,-0.30090866133116406,0.3161258554726962,-0.43367339992848536,-0.012109478132448559,-0.011403475018627644,-0.00019795744092810283,0.5354131277795258,0.03900196362004976,0.0360676043715485,0.0015594051790943828,auto
1761592117.1165557,34.48739552497864,1.315015927669411,8.61950550073084,20.727956542149066,-0.2928963451942335,0.30774380967234194,-0.40418810226531854,-0.02323926600385801,-0.021953011838097142,-0.0002752457152225127,0.5389236267488576,0.07034436995855488,0.06629724004913967,0.0018128334228864782,auto
1761592117.2210274,34.591867208480835,1.2847859044477097,8.651267417295141,20.685494975037486,-0.28849756176454533,0.3031425313431536,-0.39934408421553796,-0.016404785829668374,-0.015483491931966851,-0.0007452575799718906,0.45177106370422887,0.0037335578794489774,0.0034070998048408288,0.002975863071662992,auto
1761592117.3257198,34.69655966758728,1.2551423783482045,8.682412633913627,20.644793934919562,-0.2829126606311345,0.2972886150435456,-0.3839775638795324,-0.007106240590500171,-0.006711637195964953,-0.0011026541065291388,0.4176400807647542,-0.04972704919203342,-0.046766943509139,0.003461807931698688,auto
1761592117.4298382,34.80067801475525,1.2263141564464894,8.712700539576726,20.606524885705042,-0.27586263698431046,0.28987944934640597,-0.36201544173801714,0.0014437272222457475,0.001301199068813516,-0.001277199135590982,0.4,-0.08067498562610795,-0.07557495660355487,0.0035427617126718926,auto
1761592117.5355983,34.90643811225891,1.197671910820079,8.74279272367907,20.56984825557007,-0.26894838277022126,0.28260296350442465,-0.3341756488381139,0.005679553501747979,0.005216606710634493,-0.001322755673902155,0.46719835772615226,-0.08792950056625475,-0.08217637824225066,0.00344608376350297,auto
1761592117.6409285,35.01176834106445,1.169783254225259,8.77209324341028,20.53541110970346,-0.26165697991020886,0.2749133443226056,-0.3260888699543457,0.008247397842477702,0.007578497715794856,-0.0013319545691825208,0.4005495046572734,-0.05787833923129841,-0.05372392420740421,0.003409695212696615,auto
1761592117.7471437,35.11798357963562,1.142255128250343,8.801015424233865,20.502912972972606,-0.2544551557639126,0.2673163630572882,-0.29454138157761317,0.004232158655049931,0.0037568488369656493,-0.001362405665912759,0.47927406920053645,-0.018498450002836116,-0.016776042599300635,0.0034681152815448217,auto
1761592117.851223,35.222062826156616,1.1158983251206465,8.82870691509767,20.472938382576064,-0.2481578769391955,0.2606659581701721,-0.2848980686750553,-0.0031099480768953898,-0.0031364404896205966,-0.001334546314719755,0.4,0.03843551112327864,0.036352896105232124,0.003356352275190818,auto
1761592117.9585922,35.329432010650635,1.0893393241197693,8.856611211022246,20.444369138932718,-0.24132545489750484,0.2534750673042121,-0.25575539451389445,-0.00995821948661027,-0.009518353775985536,-0.0013883644834758139,0.4663255040226206,0.08309169268110607,0.07791104515910324,0.003497580516499105,auto
1761592118.0638518,35.43469166755676,1.0639243521888284,8.883313416004498,20.418118092999165,-0.23726583963875778,0.24921053635722898,-0.2408036501649785,-0.016881182859567335,-0.01591973613538965,-0.0015307976995381403,0.44969510113031824,0.09149291482841354,0.08511098928283523,0.0038454604927323404,auto
1761592118.1701648,35.54100465774536,1.0388630572044875,8.909643129560367,20.393289250424793,-0.23289791612786162,0.24463830683657836,-0.22418735934929607,-0.01788050576577448,-0.016712868685071797,-0.0015610368245206202,0.46287132984202894,0.054370484030859326,0.049526154262283004,0.0038258042008576898,auto
1761592118.2742345,35.64507436752319,1.0149450695975413,8.934770292563393,20.370453511233585,-0.22875728002625914,0.24033236600347213,-0.20857942722504608,-0.01316615877433431,-0.012174735786927475,-0.0014622596816377372,0.4838661687814207,0.0044011243224754935,0.0026078127855604354,0.003522649294822202,auto
1761592118.3777587,35.74859857559204,0.9916984449995158,8.95919143948196,20.349306892520307,-0.2240800157973986,0.23546656373133343,-0.20034479880885375,-0.006223706882215608,-0.005671964239582062,-0.001340396373810262,0.4,-0.03843155112438573,-0.036762606703610146,0.0032794888814990657,auto
1761592118.4829643,35.85380411148071,0.9685919224300245,8.9834655811006,20.329307066749042,-0.21883946581986857,0.22998214220658078,-0.17777582149823987,-0.000715204981770602,-0.0006112885131081183,-0.0012011110186617205,0.4875890476565292,-0.05188000834072629,-0.04816908136734058,0.003057924889873675,auto
1761592118.5874674,35.95830726623535,0.9461565143838844,9.007034630371605,20.310735308586978,-0.21302594078414322,0.22386880429999656,-0.17671371597742777,0.003705114841347458,0.0033518538406874087,-0.0010241932652389652,0.4,-0.06444773199163498,-0.05910981312230667,0.0027447071537178413,auto
1761592118.6914296,36.06226944923401,0.9243377137955445,9.029956597383961,20.293600318737063,-0.2073176879297037,0.21783947556398808,-0.16201875862034326,0.004442049579650881,0.003887895659020225,-0.0008735329706623271,0.4,-0.03366837380285951,-0.029688635546670058,0.002557450658285247,auto
1761592118.7973516,36.16819143295288,0.9025856364002123,9.052808928105318,20.2772913772984,-0.2017047386835059,0.2118940355866816,-0.1529720113572547,0.00023816257301248174,-0.00013739676142349947,-0.0006977236116566804,0.4,-0.0014215904190767962,0.00026907972347518837,0.0022712503554627554,auto
1761592118.904768,36.27560782432556,0.8810516618798231,9.075431937080353,20.26189389713312,-0.19679890826435986,0.2067040406168286,-0.14368881605814768,-0.003946105672456325,-0.004053091257597395,-0.000491052103353302,0.4,0.02524008042299336,0.024527207658145575,0.001926022234651301,auto
1761592119.0096843,36.38052415847778,0.8606240183785816,9.096893463202221,20.2480499467884,-0.19242760537583345,0.20209998621289402,-0.12961529449504572,-0.006778045561707921,-0.006557970515791529,-0.0003139569426188593,0.4,0.04142928415401538,0.038547501961605925,0.0016808674525373162,auto
1761592119.1141477,36.48498749732971,0.8405454941011632,9.117988965080382,20.235142891059528,-0.18839435461436327,0.19787290903587276,-0.11600947044902121,-0.009595240555337572,-0.00903658502577069,-0.00017057554246163487,0.4,0.04111307274686712,0.03736093960363996,0.0015086156250265145,auto
1761592119.2184143,36.58925414085388,0.8210656727034146,9.138455556506617,20.22333253576656,-0.18496227892302547,0.19429592479855964,-0.10890719157200013,-0.010107035381683383,-0.009376038919666312,-4.496805805168953e-05,0.4594832359728418,0.02264115871128651,0.019642562245669522,0.0013476658583222241,auto
1761592119.323196,36.69403576850891,0.8019390477961988,9.158551112289857,20.21226808960702,-0.18109456791755135,0.19026701587421666,-0.09094915058079783,-0.008322054846710307,-0.0076359705009217335,5.485770768138289e-05,0.523958924521917,0.006432898347768091,0.0047769443132016165,0.0012317447612030406,auto
1761592119.423343,36.794182777404785,0.784069325326114,9.177326155622277,20.20238376537703,-0.17738450986051077,0.1864363006962743,-0.10378747266068772,-0.008788960575474979,-0.00823993224755485,7.921438275958431e-05,0.4,-0.024522742142685152,-0.022984634940543095,0.0012545178831504667,auto
1761592119.528937,36.89977693557739,0.7657461082777014,9.196578917834213,20.192673470076585,-0.17389323900379852,0.18277367636421268,-0.08079346514270934,-0.0011629359815603065,-0.0011450471726320152,-6.340148459948281e-05,0.5069868160959408,-0.057904554301572285,-0.053875940794725796,0.001658038710046636,auto
1761592119.632702,37.00354194641113,0.7481016199099197,9.21511879864802,20.18382475555141,-0.1694568550476285,0.17809513469987262,-0.08102814139057855,0.003797606438028839,0.003439870072026713,-0.000201155461129057,0.4,-0.061756523167289634,-0.05712857524558168,0.0019163967485395779,auto
1761592119.7397995,37.110639333724976,0.7302998229724699,9.233823614876066,20.17541504843637,-0.16411933047958066,0.17245660369964283,-0.08305637794163333,0.005463794960583673,0.004962177881989205,-0.00023670764329814545,0.4,-0.042432130714561284,-0.03891130879279092,0.0018850983163516742,auto
1761592119.8437092,37.21454906463623,0.713424193271383,9.251555302684979,20.167988889277527,-0.15969933167789901,0.16778428912641305,-0.07505948779580142,0.003855659092771258,0.003441097196099458,-0.00022679596779281506,0.4,-0.00978353554895939,-0.008539245430112585,0.0018034531547909116,auto
1761592119.947594,37.31843376159668,0.6969114168981855,9.268906023075463,20.16097836575869,-0.15552233993037404,0.16337239660522165,-0.06626928062174614,-0.0016040652278474787,-0.0016582900713362336,-0.0001960544965085875,0.4,0.023604608616974172,0.02235004729613827,0.0017121540797514897,auto
1761592120.0566313,37.42747116088867,0.6801356779294137,9.286532784365985,20.154077749609293,-0.1521335908422051,0.15980631959860014,-0.06897904174223946,-0.005360550080051939,-0.005139320523816957,-0.00013974788833897027,0.4,0.05726191281481398,0.05363138855850106,0.0015901025745757849,auto
1761592120.1625714,37.533411264419556,0.6639201406618246,9.303571697796306,20.147973359672022,-0.14829708522594917,0.1557859709144711,-0.05717958298134483,-0.007671780197563279,-0.00722061836996199,-0.00016372720830781215,0.43887616819677505,0.0569172220203936,0.05292759470119153,0.0016971300342921724,auto
1761592120.2684085,37.63924837112427,0.6482354333720219,9.320053018401744,20.14209239857425,-0.145732500388124,0.15310829677842736,-0.05501124352085032,-0.01146050056891067,-0.010739429872161529,-0.00018213649026139082,0.4,0.05956468225553217,0.055350469998910676,0.0017474019063573943,auto
1761592120.37361,37.744449853897095,0.6330086302311405,9.336052936651942,20.136683251165177,-0.14349034590215828,0.1507740185167873,-0.05381544588200118,-0.011801102069220292,-0.011031553502519897,-0.0001670404396532532,0.4,0.030908247238540725,0.028396880786990687,0.001700636068708564,auto
1761592120.4790058,37.84984564781189,0.6181229444342564,9.351693999148848,20.13176470480576,-0.14064232986549682,0.14779952165482968,-0.044811571756636304,-0.008857018132590233,-0.00826433024428199,-0.00014064179535731015,0.4,0.005461231551441248,0.004822058547207495,0.0016422846993612418,auto
1761592120.5839741,37.954813957214355,0.6036554463304089,9.366895227874796,20.12723695448877,-0.13763331509763155,0.144649376209647,-0.047897698469529515,-0.004103601173231299,-0.003835686064112357,-8.924692340391897e-05,0.40377830474078213,-0.02840249258483516,-0.026708389720016823,0.001526532729421663,auto
1761592120.6872194,38.058059215545654,0.5897565947804347,9.381498961588285,20.12314727219005,-0.1344197585092411,0.14127121417491473,-0.044049818724400086,0.0017223009119481285,0.0015941781483082866,-3.7939097330889886e-05,0.4,-0.04743309216617549,-0.044248352591559514,0.0014447788382763187,auto
1761592120.7914917,38.16233158111572,0.5760204004739852,9.395931790153677,20.11929100985547,-0.13049801699918154,0.13713710072467084,-0.029646803237335997,0.0036905195352681603,0.003389419525826452,8.268859125525234e-06,0.4935279362457451,-0.037052693235823116,-0.034255441484976265,0.0013874705158100865,auto
1761592120.9011433,38.27198314666748,0.561982139819362,9.410682097466676,20.115657536268472,-0.12695739624402275,0.13340805726047458,-0.03435902344380907,0.0021032580975602106,0.0018415151903656563,5.540563292489458e-05,0.4,-0.039882745683990695,-0.03699620854449795,0.0013127906875019517,auto
1761592121.0062473,38.377087116241455,0.5487718749974869,9.424562874602287,20.11244017417131,-0.12350248419905577,0.12976195122196568,-0.022283867844121764,0.0026317279599828683,0.0023605920810447507,0.00011722052232656863,0.5012042180605767,-0.021062203396365685,-0.01953778312864652,0.0012097952277157857,auto
1761592121.1123846,38.483224391937256,0.5357887524202137,9.438205047503004,20.109332020816105,-0.12025662257200453,0.1263376252374103,-0.033526209453306484,0.0008984796758749365,0.0007662763413780901,0.00021162998951756537,0.4181759374887504,-0.0010623271349775633,-0.0010302536136664743,0.0010286499874862338,auto
1761592121.2190151,38.58985495567322,0.5230381350275609,9.451603088751256,20.10638317121846,-0.11704115854721302,0.12295651185283844,-0.027684362315782,-0.0021529155073192986,-0.0020591895617223127,0.0002888343614672687,0.4460148523856207,0.018416386474175844,0.01706596920928606,0.0009179807157414926,auto
1761592121.324291,38.695130825042725,0.5107463801125192,9.464518866433805,20.10356297435715,-0.11456777908576538,0.12036112933684871,-0.029196880277449627,-0.0053371641685365226,-0.0050164279532671574,0.0003467650288225075,0.4,0.030634587257388303,0.028419920445918113,0.0008508920521845115,auto
1761592121.428458,38.79929780960083,0.49887223400241354,9.476995498840163,20.100975924672436,-0.11245731234115872,0.11815341899235117,-0.027009268463012326,-0.006821894673693353,-0.006389378318066526,0.000407239510129867,0.4,0.026585524301664804,0.024622018738665152,0.000761839204962798,auto
1761592121.5325284,38.9033682346344,0.4872848661799472,9.489170573198525,20.098657896558926,-0.11021647447921577,0.11581185774305962,-0.026097189767989633,-0.006775489318614511,-0.006347164509813628,0.0004625388051470062,0.4,0.01838294758807543,0.01709114173341403,0.0006827070547449274,auto
1761592121.6397126,39.010552406311035,0.47562346018056656,9.501423427502194,20.096230436461934,-0.10781492104550705,0.11329741144791865,-0.0261995718808729,-0.006736559234978101,-0.006339221319769415,0.0005024965812442584,0.4,0.013720507855214819,0.012988455907646098,0.0006393465632450417,auto
1761592121.7448235,39.115663290023804,0.46446666008891474,9.513145984888112,20.093969972714298,-0.10553042739844892,0.11089867531629331,-0.0215854950542606,-0.004890773649630646,-0.004634952725445071,0.0005342769367842823,0.447712971360751,0.00024680799280411185,0.0005029747446213728,0.0005987005383114404,auto
1761592121.849952,39.220791816711426,0.4535685232462172,9.524596652591221,20.091794048186173,-0.10319490248602052,0.10844071261022378,-0.02669681785158127,-0.0023265021816250425,-0.0022440282760907613,0.0005727186967082028,0.40625963929666103,-0.012559732300057523,-0.011496920985112426,0.0005324451150320973,auto
1761592121.9540923,39.32493209838867,0.4430257914497619,9.53567384792715,20.089902310424733,-0.10044777707170362,0.10554566460150039,-0.017995082182198148,-0.00030241550660526804,-0.00034959473701534215,0.0006151380165632273,0.4485508584719015,-0.020372175583097264,-0.01893150169598292,0.00045935957324821426,auto
1761592122.0582614,39.42910122871399,0.43272217130925783,9.546499795949128,20.088002995091315,-0.09798253691689465,0.10294613047005696,-0.02340745242707023,0.0005976692696152397,0.0005075896324437168,0.0006570394781195575,0.4,-0.01715802167954618,-0.016069112295985614,0.0003941920201770409,auto
1761592122.1617982,39.53263807296753,0.42270838598038635,9.557021293268562,20.086239125223347,-0.09549302947234307,0.10032476996468057,-0.01663437018487403,0.0006668012629785316,0.000601456667949675,0.0006915138486261126,0.45225697557183675,-0.012702795916293532,-0.012089395073592876,0.00034609655745300634,auto
1761592122.2675362,39.638375997543335,0.4127114465394304,9.567525064584997,20.084551451979163,-0.09302937575298385,0.09773486506543555,-0.01843925207434427,-0.0005387677153170325,-0.0005120036755467105,0.0007215478717282497,0.4279105250546421,-0.0013729231685012467,-0.0014987816686679158,0.00030388732038961097,auto
1761592122.371931,39.74277091026306,0.4030793386995118,9.577645394643655,20.083055816788338,-0.09087148141957771,0.09546943366011838,-0.01314307869022132,-0.0009373080847943341,-0.0008631114637427464,0.0007490442440679905,0.4511823432662868,0.006086791583126201,0.005521844697450427,0.0002617673289763241,auto
1761592122.477026,39.84786581993103,0.39359788568456877,9.587607313974036,20.081644715945767,-0.08859849023345186,0.09308607223157923,-0.007225089264845724,-0.002369269537800632,-0.002212356311080178,0.0007683970946466384,0.488541317830458,0.013844138039976337,0.012941459209296718,0.00023771393653561609,auto
1761592122.5818512,39.952691078186035,0.38436542773233495,9.597307538031334,20.080360197883433,-0.08667985528301024,0.0910747906414144,-0.005108951469754472,-0.0037451060730860665,-0.0035271251873079806,0.0007858594139205314,0.49382687182069557,0.01492448494868611,0.014102118261338567,0.00021187752416668173,auto
1761592122.6886413,40.059481143951416,0.3751848885032278,9.606953160035339,20.079339526676467,-0.0847603003359013,0.0890609036922832,-0.007356716401008433,-0.004665512622546576,-0.0044194809784408,0.0008021078830388082,0.468195232465973,0.014017453213260245,0.01337067445584346,0.0001855891793120134,auto
1761592122.793835,40.16467475891113,0.36635867233624475,9.616226492236757,20.07834602872633,-0.08311546205766779,0.08733220411825822,-0.00619608307987329,-0.004678371143057541,-0.004454015788666956,0.0008082197058410646,0.4721969826499356,0.00831362546593393,0.008053619392199583,0.00018357820075107253,auto
1761592122.8997262,40.2705659866333,0.3576821957835351,9.625342475310708,20.077385258063742,-0.08136591223067563,0.08549084166871088,-0.011307091110189064,-0.0035932523290376625,-0.0034383995360437397,0.0008095658974902017,0.43797124026122125,0.001840767926684878,0.0019288566668627719,0.0001838879955235578,auto
1761592123.0036695,40.37450933456421,0.34936836058434356,9.634077458419497,20.076312714677435,-0.07960947149336192,0.08364076781493025,-0.01565827164349852,-0.001678256816738165,-0.001620369032966642,0.0008135411369175613,0.4,-0.011049532780011927,-0.01039907558282142,0.0001713530047463905,auto
1761592123.1101346,40.480974435806274,0.341044922826748,9.64282250812095,20.075266800438673,-0.0777435750565652,0.08167696611977296,-0.002730415566900287,-0.0005181480082398635,-0.0005081310893891328,0.0008138154322471317,0.49620124641633057,-0.015176455979744125,-0.014432888613800446,0.00016951460169769596,auto
1761592123.215934,40.58677387237549,0.33297393821246857,9.65130230277621,20.07422969243622,-0.07562447094317756,0.07944915168386292,-0.011626819746811852,0.0011275718498740758,0.0010737527579432564,0.0008123300342642822,0.4,-0.016838807903019053,-0.016114793964140943,0.00017192773367530722,auto
1761592123.3208601,40.69169998168945,0.3251489376392036,9.659523615138543,20.07311405467119,-0.07352338127407726,0.07724274840203049,-0.003077085229367841,0.00089161451484297,0.0008662220235526023,0.0008105304941752626,0.4999589734910245,-0.007573098555763146,-0.007350933005221126,0.00017166993446759263,auto
1761592123.4264278,40.79726767539978,0.3174567446884616,9.66760531730589,20.072007643254754,-0.07154996756450996,0.07517219325289644,-0.003893736413690157,-0.000529249325414934,-0.0004779226371849389,0.0008118704843702272,0.49536178402556663,0.004676041460203673,0.004327090156625797,0.00016182273629136904,auto
1761592123.5307653,40.90160512924194,0.31003506820134014,9.675402724000243,20.07091104075075,-0.06985893695166505,0.07339840969712368,-0.012186401441306133,-0.0018492863391527542,-0.0017370055388927909,0.0008164437946442621,0.4,0.009492543252727277,0.00898491096593031,0.00014574626939293402,auto
1761592123.6363654,41.00720524787903,0.3026970615017664,9.683112136511888,20.06975051747705,-0.06836774077148366,0.07183301267254308,-0.0030255820308799034,-0.003046450434728464,-0.002889166821707996,0.0008226562538718778,0.4995969338021953,0.012361625031692254,0.011818304149251356,0.00013032826529567893,auto
1761592123.7427216,41.113561391830444,0.2954844849885078,9.690689724389909,20.06874911142631,-0.06693710797465423,0.07032917341284509,-0.010701288268056624,-0.0035476170042702247,-0.003380570439518426,0.0008314692361788486,0.44098800414802813,0.011120044088052458,0.010704959121267205,0.00010961810163298495,auto
1761592123.8476799,41.21851968765259,0.28853642866047263,9.697989360820175,20.067653505675498,-0.06566164273060145,0.0689861063087772,-0.0111746539139064,-0.003332478506816327,-0.0031877523454113045,0.0008374777144548542,0.4,0.0033025991958761,0.00328182967558412,9.821796118451791e-05,auto
1761592123.956595,41.3274347782135,0.28151558193395815,9.705365402046171,20.066677793627186,-0.06357323621707536,0.0667890971504284,-0.01621549346780584,-0.002404121757408468,-0.00230834594057942,0.0008390840098793412,0.401237742243821,0.00613207623698017,0.005952827605624429,9.663684879325308e-05,auto
1761592124.060444,41.431283950805664,0.274987903150627,9.712223259148631,20.065953080279193,-0.06226061491034378,0.06540704564094081,0.0007885916557984832,-0.0019709769115563453,-0.001892432910921383,0.0008477287433786034,0.5027631795818065,-0.0005458140243054215,-0.00047662596598055764,7.262991916456746e-05,auto
1761592124.1645813,41.53542113304138,0.2684596519451141,9.718818710372162,20.066930372261123,-0.07191916083423727,0.053171527835998975,0.03793812611650475,-0.06829873893102462,0.06768310326025796,0.0015232541178829902,0.4,-0.2,0.2,-0.0037286764144278954,return_to_launch
1761592124.2715995,41.64243936538696,0.2547313060282481,9.715889164108365,20.070839856663067,-0.17190657468248582,-0.153781212460417,0.03919016464562829,-0.3128380023149761,0.013649097292185676,0.0015211570193677919,0.4519960513838164,-0.06437691004469598,-0.2,-0.002635077929168149,return_to_launch
1761592124.3779316,41.74877142906189,0.24006850115286169,9.680149749204283,20.075642726235788,-0.07702972253810153,-0.5072072592693142,0.05505440954985391,-0.25072847378260715,-0.10605047261135242,-0.0002978656045604352,0.4640809000604333,0.19599811578329912,0.2,0.0019506240101832516,return_to_launch
1761592124.4826977,41.85353755950928,0.23365584361336372,9.615420239338244,20.081190093998742,-0.06937900700369685,-0.7318351414138373,0.05902056736308731,-0.22064780960494507,0.007739418597042472,-0.0011281748127413528,0.44381325450104053,0.18016091610330995,-0.18721365708535376,0.003098088652103783,return_to_launch
1761592124.59061,41.96144986152649,0.22703246773364733,9.525952041027187,20.087569495112533,-0.06564257070565711,-0.9261613183064694,0.062370021955267675,-0.19610932195472325,0.024944344284839402,0.0009529662658128804,0.4,0.15915037434110785,-0.2,-0.0031228133867020214,return_to_launch
1761592124.6965322,42.06737208366394,0.22064271915094733,9.419092060357658,20.094379967267514,-0.059559180923375594,-1.0875599818698938,0.071176936368044,-0.1694068381046376,0.02886834533294137,0.003150427997972893,0.4727505452245826,0.0789933037249484,-0.15627194376830916,-0.007414539850859698,return_to_launch
1761592124.8016913,42.17253112792969,0.21453702989484888,9.29719199005251,20.10154378737341,-0.05320540454369326,-1.221280015071361,0.06176377221091633,-0.13857707467823954,0.020580305919207863,0.004537935909650807,0.4,-0.007184475534474126,-0.04239200082991265,-0.008841508982551937,return_to_launch
1761592124.906076,42.27691578865051,0.2087487967011709,9.163006133906283,20.10941070923791,-0.04931583322757247,-1.3379388952265874,0.0792282058011511,-0.11049130968271781,0.005400930956983317,0.0052428667032301144,0.47815990074146886,-0.07341497102188363,0.06381148348030652,-0.009050609920679872,return_to_launch
1761592125.008931,42.37977075576782,0.20330283089580184,9.019996156183096,20.117207901828923,-0.04762569662269824,-1.4343329838487453,0.07805877634948581,-0.08578062838405269,-0.010852126480395432,0.005493836944330192,0.4,-0.0910769482405607,0.1305183777054547,-0.008826481363790767,return_to_launch
1761592125.1142628,42.48510265350342,0.1979746427698617,8.864164034723531,20.125337646500675,-0.04741239258742506,-1.5188448619808386,0.08341216785413921,-0.06753469833776758,-0.0203663359613288,0.005465907656864082,0.476144294644091,-0.09290041871820715,0.1304082219936179,-0.008417165494166884,return_to_launch
1761592125.2210581,42.59189796447754,0.19281795008628275,8.698037655531765,20.13359063338443,-0.04800934523663205,-1.5899906770814352,0.0722633510156817,-0.05669553060156776,-0.021022363067912504,0.005317112811296146,0.4,-0.04745116610096414,0.0838810380383751,-0.008035233975864446,return_to_launch
1761592125.325667,42.69650673866272,0.18799201288265413,8.529903079166717,20.14192421007108,-0.04799873948077277,-1.6153015831033104,0.07849847883222835,-0.018292208889133122,-0.014249413921852257,0.00448813592947055,0.4,-0.04959872387056953,0.010267736646687155,-0.006070370416534776,return_to_launch
1761592125.4300208,42.80086064338684,0.1833642676937793,8.360552680229,20.150257942445414,-0.04711882948843029,-1.6265147945678744,0.07853516436338355,-0.00444960069348264,-0.0031311328229434686,0.003535223015214181,0.4,-0.04185918349594965,-0.06203524462468787,-0.004361150023690997,return_to_launch
1761592125.5361876,42.90702748298645,0.17882216184824543,8.187611761258362,20.15866334737533,-0.045043340219310536,-1.6299596564869274,0.0847578458386918,0.006901611078759883,0.006497715691987855,0.002767658923929436,0.48048132363661494,-0.06354788413664793,-0.09653519505111934,-0.00334486522528692,return_to_launch
1761592125.6419158,43.01275563240051,0.17443675444073528,8.01568322845075,20.166996800643158,-0.04255901290628351,-1.6270927966627282,0.08548122272640613,-0.007186756579613363,0.013110653609521366,0.0021422478160674336,0.48383714422538904,0.06644124222630932,-0.09477294837913551,-0.002598660789435681,return_to_launch
1761592125.747764,43.11860394477844,0.17015009290834962,7.8443756476500335,20.17538391926194,-0.03925830200543643,-1.613035602688497,0.07418233800068685,-0.008230905130704406,0.013470803407583935,0.002028528673859989,0.4,0.0447613648574126,-0.059377567687752764,-0.0029982465476460344,return_to_launch
1761592125.8537924,43.224632263183594,0.16598971395696938,7.674149398204375,20.183813741042837,-0.036624779753343044,-1.5972418739581233,0.07446991500153739,0.001425865846901491,0.009055356849583565,0.0018855458732582712,0.4,0.056905407190108774,-0.012866102031049721,-0.0028714642507122407,return_to_launch
1761592125.9589288,43.329768657684326,0.16198400322387138,7.507140676232983,20.191985573759027,-0.03500445307442517,-1.5777386640654583,0.07170798813762283,0.010356543301381601,0.001356886865438214,0.0015987844521844511,0.40880853912793785,-0.01740198782042257,0.03912825530917906,-0.0023244857437468647,return_to_launch
1761592126.0663142,43.437154054641724,0.15801498707609365,7.338720548774052,20.20043160669329,-0.03415326575870432,-1.5568650388184555,0.08107182397032622,0.008736614747342268,-0.004986085106882232,0.0014398844993253421,0.4622939133032792,0.017881786235348373,0.0638714701728652,-0.0021680322009284105,return_to_launch
1761592126.1703503,43.5411901473999,0.15429556381534038,7.17801697302832,20.208667122775516,-0.03414433694863862,-1.5313239806329821,0.07278182305518704,0.0018704027251392735,-0.00969458847466488,0.0012890193020154506,0.4,-0.029565018412018525,0.06816739747137933,-0.001991348238043801,return_to_launch
1761592126.2765012,43.64734101295471,0.15060590990780948,7.016395338546057,20.2171326780418,-0.03441279095562952,-1.506772477224927,0.0758300192319874,0.021599094627044003,-0.011001847462192293,0.001007539513172891,0.4,-0.09630126981414092,0.04959584508896539,-0.0014600216445461924,return_to_launch
1761592126.3809674,43.75180721282959,0.14707861843803477,6.86012656101247,20.225366941096738,-0.034602868872224884,-1.4837661371816933,0.07234334167898732,0.020986931675899084,-0.008132333068845574,0.0008279409290125037,0.4,-0.038966507350639945,0.010621796712033888,-0.0012772057000806653,return_to_launch
1761592126.4866755,43.85751533508301,0.1436122506705384,6.704749214263371,20.23369268403517,-0.034142694420784506,-1.4571041417224626,0.0737275420244528,0.018010770475840494,-0.002964763264321357,0.0006683314958417377,0.4,0.046274892225135845,-0.023726615944252905,-0.001072669263850905,return_to_launch
1761592126.592169,43.963008880615234,0.14023377983612503,6.552571710463524,20.241757863522288,-0.03324964878393992,-1.43088749656088,0.06898376343528574,0.015155560982189219,0.0021895355063065508,0.0006254856847497835,0.400056710118123,0.04177701592215487,-0.04595513699424331,-0.001132584305271976,return_to_launch
1761592126.698407,44.069246768951416,0.1369070751163699,6.402241335313995,20.249909273731568,-0.03188172737992214,-1.4020507657078194,0.07384389304167518,0.012974851996572232,0.005561175402428713,0.0006828443173749703,0.4,0.04786639408694434,-0.049844532746040254,-0.0013623436060580549,return_to_launch
1761592126.8034043,44.17424416542053,0.13370047297534848,6.2570834580969175,20.25790796835483,-0.030275366785776008,-1.374298165720957,0.0716131845069532,0.007504521646840294,0.0067149901960665195,0.0007734076686719336,0.4167485881601098,0.07112713315821367,-0.03520998221496331,-0.001567255489965304,return_to_launch
1761592126.9126024,44.28344225883484,0.13042881573675755,6.108228172816065,20.266264861757236,-0.028680946188153335,-1.3438104584090351,0.07959122201644966,0.027798346923371228,0.004808789569893045,0.0007748086104588702,0.4743129193995682,0.04216665723005872,-0.015136233172433771,-0.0015029728943426457,return_to_launch
1761592127.0175457,44.3883855342865,0.1273900519358691,5.968890598432432,20.27414534456234,-0.02751289783903438,-1.3167398368464729,0.08006031124148996,0.022085463790340563,0.0018095037412558042,0.00042039710336037905,0.4868810060384173,0.048638243552375685,0.009659747916003608,-0.0005890261477192727,return_to_launch
1761592127.121814,44.49265384674072,0.12444653134358774,5.833261971446616,20.281912181208252,-0.026829865833636706,-1.29114910151307,0.08117496490836607,0.011065626112328333,-0.001624362221670395,1.629564005912903e-05,0.4888885199625382,0.10291799629055631,0.026650440211805067,0.00014912427008560583,return_to_launch
1761592127.228269,44.599108934402466,0.12151446463883117,5.697625340128846,20.28978211117443,-0.026519691434076405,-1.2615677981677782,0.07389262827963333,0.005663985508331664,-0.004096459912039774,-0.0002961879753157451,0.43980591075247055,0.12801116947359376,0.03075826136497715,0.0005522986702793458,return_to_launch
1761592127.334119,44.70495891571045,0.11867412158651694,5.565763910540684,20.29758642644471,-0.026381279750164324,-1.2318603916848954,0.07126652801605528,0.0004320595696452366,-0.0049498400810865945,-0.0005193977282352261,0.4287188029451799,0.07765911896288091,0.024506083438519233,0.0007886995528308901,return_to_launch
1761592127.4378471,44.80868697166443,0.1159637104681773,5.439300401147644,20.305157356265724,-0.026283224668205048,-1.2025829646053512,0.06899492127389141,0.009614173876686574,-0.003905880115239378,-0.0006942834896157014,0.42520439718680647,-0.0056913459252525295,0.009049433674970665,0.00098971947741049,return_to_launch
1761592127.5420604,44.91290020942688,0.11330087331542128,5.314951515388406,20.312712412483812,-0.025980512165870884,-1.1766897140895625,0.08045009582402549,0.02537350473226985,-0.0018761178314485167,-0.0007756054998194475,0.4987372599105964,-0.0996872424138382,-0.007050123096030993,0.0009955875792878243,return_to_launch
1761592127.6505282,45.0213680267334,0.11060586383275141,5.188450919699734,20.32079812449422,-0.025074017816440485,-1.1453699605330165,0.07078556938717755,0.042285075157912445,0.0002857057409108993,-0.000821866732836804,0.4,-0.2,-0.015215920205351929,0.0010002213542402564,return_to_launch
1761592127.755152,45.12599182128906,0.10806580549596091,5.069319627832275,20.328397004911256,-0.024407425155474758,-1.1260540022562742,0.08140136072510337,0.05135609216952175,0.0016048987494349549,-0.0009236498434175795,0.49178560936155563,-0.17625136735824035,-0.016397180974183342,0.0012174670038714447,return_to_launch
1761592127.8601851,45.231024980545044,0.1055642314434313,4.952394610907614,20.33602588023406,-0.02357207147025877,-1.1038843244841936,0.06615038421875487,0.0399941197548325,0.002010734828726661,-0.0009733735157165031,0.4,-0.08090109294408313,-0.010872404015661325,0.0012564116746834502,return_to_launch
1761592127.9654973,45.336337089538574,0.10310650493803078,4.837796100632134,20.34371997346836,-0.022843545656252295,-1.080911084882144,0.06712865026664103,0.023431983369883613,0.0014927658819144653,-0.0009544754230490815,0.405392155561803,0.09038054947283548,-0.005103988836694451,0.0011494768171882834,return_to_launch
1761592128.0706599,45.44149971008301,0.10070414655983119,4.725927103402772,20.351386415166303,-0.022249740818251103,-1.0567182236048913,0.07420679214832057,0.003784339776284053,0.0004727663068070209,-0.0008865345616016956,0.4,0.15635329721736785,0.0032130632054558866,0.0009801059029843563,return_to_launch
1761592128.1772683,45.54810810089111,0.09832114855017025,4.615023549819805,20.359118140346073,-0.021755945911212583,-1.0301736237201105,0.07894076619641589,-0.007059297122685644,-0.0005546065141200009,-0.0008010169122608903,0.4796470477820615,0.15208997334939425,0.0078885469503783,0.0008258634811086201,return_to_launch
1761592128.281558,45.652397871017456,0.09604353467001878,4.508965383497376,20.36664769288476,-0.02135885855512135,-1.0037271718261531,0.07791194476330043,-0.008478587149325428,-0.001308809614343896,-0.0007182522982255556,0.4884437867377699,0.06515960542405137,0.009756955707325671,0.0007071717916221184,return_to_launch
1761592128.382183,45.75302290916443,0.09389277698321825,4.408739486594693,20.373785824703408,-0.02113565730281498,-0.9799878285658811,0.06597719850144874,0.012060327754951652,-0.001802888497060517,-0.0006391747040441276,0.4108910543322567,0.14063613519133744,0.0018695419616539194,0.000583774588593005,return_to_launch
1761592128.487903,45.8587429523468,0.09170543217705444,4.30653812131275,20.381191303187695,-0.02070790167294169,-0.9549276717114835,0.07040836189458712,-0.005751068491440388,-0.0006018335225526844,-0.0005937297695254648,0.4553133175088543,0.05870820832887544,-0.0030777819245996906,0.0005611342860033294,return_to_launch
1761592128.59215,45.962989807128906,0.08959270778701997,4.207836625857546,20.38828093306653,-0.020262330137611827,-0.9329683731254684,0.07020269103740158,0.006141276989484246,0.000136468940795479,-0.000554196406619574,0.4677426205372897,-0.043367516620438806,-0.006000531109927127,0.000516343322317481,return_to_launch
1761592128.7007332,46.07157301902771,0.0874396017883439,4.107239025034604,20.395854099148064,-0.01963632548282292,-0.9092490784467272,0.06658959648651222,0.02842610452810182,0.0002859121494153497,-0.0005165618029011339,0.40928458734974527,-0.15254749945392598,-0.004786399189053542,0.00046893487699493767,return_to_launch
1761592128.8046725,46.17551231384277,0.08542675192760481,4.013270823941485,20.40312961416312,-0.019157863491578532,-0.8921103466066233,0.07860342123334832,0.038316059197630384,0.00035293830951802326,-0.0004929784487574905,0.4939062548134192,-0.15800610566525475,-0.0026746239590765743,0.0004533556137723194,return_to_launch
1761592128.9102943,46.28113412857056,0.08342232611005226,3.91986379972302,20.41046316986996,-0.018674895566678163,-0.8752324000854208,0.06562627449192082,0.03995593250665902,9.699855902382012e-05,-0.0004689723866985835,0.4300458208941201,-0.08506644326070226,-0.00044849985997004693,0.00042301955653491425,return_to_launch
1761592129.0166812,46.38752102851868,0.08144643669187916,3.8279388833805355,20.417614992099526,-0.018245116229433377,-0.8572915630933753,0.062391574215097556,0.03207184993664128,-0.000276445996121328,-0.0004406298571711346,0.4,-0.001724245936271053,0.001797112115129645,0.000377407760730591,return_to_launch
1761592129.1176767,46.48851656913757,0.07961086516073851,3.7425627540596693,20.424495043777785,-0.017799025707392734,-0.84069948809782,0.06311254362681287,0.03145506618561083,-0.0015440817664353651,-0.0003938661999990233,0.4,0.09036387480261301,0.006832437301513983,0.00028075717033994784,return_to_launch
1761592129.2239747,46.59481453895569,0.07773156406425992,3.6549940456528165,20.431707087697458,-0.01761844504681151,-0.82269438022665,0.06613511483425791,-0.00262263387999339,-0.0014752171626803883,-0.00032711355744510925,0.41451584633354777,0.2,0.003708876149211562,0.00016638213304606269,return_to_launch
1761592129.3274014,46.698241233825684,0.07594017922375099,3.5714275462157383,20.4385876159574,-0.01734978226410432,-0.8008332286637517,0.06752659655293908,-0.014069356039106518,-0.000858787037381849,-0.00030123307384300683,0.43458115538421277,0.18109627972745307,-0.0013596951922014856,0.00016820770725045262,return_to_launch
1761592129.43403,46.80486989021301,0.07413104522183421,3.4871151091294075,20.44554434771502,-0.016995317383576156,-0.7790100740279273,0.05814913179137821,-0.005953785860816976,-0.000333214770299142,-0.00029626272891451733,0.4,0.05628337735254267,-0.0042473584633543875,0.00018915534361247017,return_to_launch
1761592129.54162,46.91245985031128,0.07235569388864524,3.4044594351824617,20.452627040547405,-0.016573074312628073,-0.7593615051399514,0.06363202023790686,-0.000878119299583386,0.00033201967072040664,-0.0003013851827182069,0.4386594162416894,-0.021290471804945685,-0.00607876982370438,0.00021288975616179254,return_to_launch
1761592129.6468916,47.01773142814636,0.0706389224360937,3.3246305572058485,20.45950231270995,-0.016090368798882686,-0.7404510788188999,0.06599598547511802,0.01351404991073512,0.000649557977229748,-0.0002943828358156617,0.4540798124461245,-0.10109583860757593,-0.005456830985278511,0.000195697096508595,return_to_launch
1761592129.7530553,47.12389516830444,0.0689535815329204,3.2464024077471216,20.46644518054787,-0.01562820732338202,-0.7240792882470468,0.062259807759457025,0.026194950058593756,0.0005904310527925598,-0.0002789421000194193,0.42266584799700296,-0.1417181978331601,-0.0028526097008394332,0.000165307197892498,return_to_launch
1761592129.858573,47.22941279411316,0.06731467734462426,3.1704836630403066,20.47309801594213,-0.015203822543544748,-0.7088079230154659,0.06731998385232643,0.03348510987011663,0.0002290041217688192,-0.0002633339600602374,0.46860031801634866,-0.12318465262873071,0.0003167901116241932,0.00014308627860242163,return_to_launch
1761592129.9660265,47.33686637878418,0.06568692299002106,3.0953809579448266,20.480123653965656,-0.014714393416541793,-0.6863999063274576,0.0714121610669292,0.016448179869160657,7.166930601992154e-05,-0.00019312126931824943,0.4905464348305739,-0.10138894551715978,0.003755525316094925,-1.7766825520294368e-05,return_to_launch
1761592130.0711765,47.44201636314392,0.06412616224746755,3.0234974459984096,20.486855803018827,-0.01444948690560589,-0.6737040707499645,0.06600154380968837,0.030026195662124056,-0.0008356408585569338,-0.00011648910265227824,0.45652652290070905,-0.13085664828296784,0.007415116686460497,-0.0001513916485931587,return_to_launch
1761592130.177374,47.548213720321655,0.06258443152518174,2.952505767891316,20.49344932618984,-0.014242497309986021,-0.6611529972723914,0.055008085762248124,0.03471909018767421,-0.0013714808126879191,-5.764726494915788e-05,0.4,-0.08404399104586849,0.007333629988864366,-0.00022707598741542593,return_to_launch
1761592130.283891,47.654730796813965,0.06107517696372967,2.882975587426992,20.50018725018361,-0.014044945910557287,-0.6486053112304977,0.06637692115576548,0.027757664259704117,-0.0013768955083047216,-1.530426701142985e-05,0.47584228706945525,-0.0053867075829718255,0.0044263953421494005,-0.0002702936214001048,return_to_launch
1761592130.3886325,47.759472370147705,0.059626721406724974,2.816189396818171,20.506686476482702,-0.013805342349796551,-0.6336487667890682,0.06887680878173312,0.015304769272217085,-0.0009582139721262381,1.1816988301062145e-05,0.4987345546530144,0.05981540227006434,0.0006143676687697865,-0.0002904226643869304,return_to_launch
1761592130.493822,47.86466193199158,0.058205677799482124,2.7506592817839173,20.51329318963263,-0.013535382440176482,-0.6188951014856121,0.06205020177844214,0.0024476089025142487,-0.00036176835523436926,1.9436673120520824e-05,0.4,0.09510388162695922,-0.00291083629024737,-0.00027707926395089907,return_to_launch
1761592130.601005,47.97184491157532,0.05678922029371528,2.6853478624468203,20.519833438493038,-0.013222779552206503,-0.6034975762232254,0.06140838159853676,0.0006253118209880032,6.758522027959838e-05,1.4978897779291238e-05,0.45274684467559684,0.11605570677207172,-0.0052657857812041155,-0.0002508439718577355,return_to_launch
1761592130.707101,48.077940940856934,0.05541908283165554,2.6222649114422487,20.526136309230512,-0.012876473452357255,-0.5887370708885868,0.060538905620966144,-0.004791501838363706,0.00048001050876525595,1.8445481481047036e-05,0.4550018733325621,0.08306176180479845,-0.005246811762130773,-0.0002632925375189728,return_to_launch
1761592130.8139951,48.1848349571228,0.05406719272874122,2.5600980827831417,20.532468727735814,-0.01250480972244567,-0.5737908151829196,0.05700470475016696,-0.0014687878449919064,0.0005076465224648269,2.1726540693286813e-05,0.4,0.04115460707563765,-0.003743518859901054,-0.0002705366202317235,return_to_launch
1761592130.918126,48.288965940475464,0.052780353111118596,2.5009733284663374,20.538667633809943,-0.012142968129835988,-0.5595290419859755,0.054715635736879695,0.002071240053262828,0.0003631831640506792,1.9441746742193253e-05,0.4,0.014475150900983776,-0.0016468053822370327,-0.00026139370537064217,return_to_launch
1761592131.0231507,48.3939905166626,0.051511050688333275,2.442678382995885,20.544794964066078,-0.011834123436122857,-0.5468742371602067,0.0513435182476071,0.00944903144408342,3.901876618718589e-06,9.029558595905137e-06,0.4,-0.016077297990322575,0.0007445939211700843,-0.00023524350161218248,return_to_launch
1761592131.1286452,48.49948501586914,0.050264951267316664,2.385471100116142,20.550924427044492,-0.01156296682870512,-0.5340824745609891,0.05335662620600947,0.014667808103447963,-0.0003483791647712887,-7.067321145869567e-06,0.4196815673815622,-0.06867459457245897,0.003181301838960063,-0.00020250816516629208,return_to_launch
1761592131.2345529,48.60539269447327,0.04904209079493216,2.3293568129738875,20.557027776514822,-0.011328546236111863,-0.5222416558617318,0.057651269834291856,0.019859644381109508,-0.000652452575462631,-1.864419411139722e-05,0.4515193536825687,-0.062035838418370244,0.0035009968591792253,-0.0001889473415003064,return_to_launch
1761592131.338004,48.70884394645691,0.04787593491119621,2.2758428424555857,20.562874736468334,-0.011123476846567986,-0.5110323931420231,0.06587119906101951,0.020488535938950295,-0.0007533705619343667,-2.8113083746525177e-05,0.5137716954099734,-0.05541000043532894,0.002992726889063429,-0.00017765679212033292,return_to_launch
1761592131.4415762,48.812416076660156,0.04673308869620535,2.2233337394359993,20.568672119361384,-0.010833278040290394,-0.4993707183085118,0.05193310400463234,0.046685337192843734,-0.0013954219582882068,5.091739381678278e-06,0.41630851918965034,-0.14330398793846144,0.005586886081543414,-0.00027566338787659694,return_to_launch
1761592131.5453916,48.91623139381409,0.04562179605990488,2.172312188706755,20.574369951083767,-0.010766173808059205,-0.49332291362941,0.05292964233382254,0.022838443552719315,-0.0009572296720069631,8.662643936152887e-05,0.43812067152877854,0.047119443838023044,0.0008897841507784646,-0.0004554680010929863,return_to_launch
1761592131.6550567,49.02589654922485,0.04447555635305904,2.1196804970174186,20.580196225102124,-0.010555970929118414,-0.48294984906755745,0.07107171403703694,0.006585577913304583,-0.000544283048046432,0.0001380154821297243,0.5452189756312155,0.2,-0.0048635445520125165,-0.0005129460501873645,return_to_launch
1761592131.760871,49.13171076774597,0.04339611279201781,2.070053869756474,20.58629950701597,-0.010228854166834089,-0.4636445586590719,0.059984079131834664,-0.02600162035793822,0.0004134972996643305,0.00017429175068363217,0.4,0.2,-0.007001965462851914,-0.0005460181733576456,return_to_launch
1761592131.8656614,49.23650121688843,0.04235408161105371,2.022156702263488,20.592042965025268,-0.009907671814037802,-0.44960377331836787,0.04974942065561699,-0.023217061067841938,0.0008039342082496329,0.00019693552870759078,0.41095698957553345,0.10454890251388693,-0.006202358794504501,-0.0005676545156129589,return_to_launch
1761592131.9681337,49.33897352218628,0.04135314982804669,1.9762047797852922,20.597735792379392,-0.009581350271792842,-0.43776038930871575,0.048062237411263205,-0.0026044705440992112,0.0006230303928388357,0.00020305405492513644,0.4,-0.05958828485122297,-0.0024898530003166592,-0.0005556678276264315,return_to_launch
1761592132.0774636,49.44830346107483,0.04030776125102215,1.9282636721531847,20.603846132171427,-0.009331019759582218,-0.4276274954219272,0.05173311292267212,0.011277249946076564,0.00039624482341103534,0.00019020828050117053,0.4,-0.08465492215914738,-0.0008524847492459191,-0.0005107066411456356,return_to_launch
1761592132.1819937,49.552833557128906,0.03933155835858642,1.883685518026733,20.609652906530485,-0.009078556801830371,-0.4182059005651835,0.05336095731802542,0.018714217400158724,-1.370252883696818e-05,0.00016958962934411048,0.42939676911621283,-0.10994106928462044,0.0020408759326428125,-0.0004681703083754887,return_to_launch
1761592132.2877963,49.65863609313965,0.03836480019155857,1.8395679372078717,20.61542477400214,-0.008905436428233673,-0.4109181801708731,0.05274975107644184,0.0262720689092725,-0.0004795584228228272,0.00013475160961855676,0.4,-0.12263768799779766,0.0042800421211843,-0.0004002398910876876,return_to_launch
1761592132.3913407,49.76218056678772,0.03744019988047998,1.7973726858959518,20.62096009128479,-0.008783737388779097,-0.40456898123449975,0.04669494033105982,0.023800901607908098,-0.0007291909900285713,0.00010173882219255387,0.40332750393271355,-0.05538981576320315,0.0038993765363260578,-0.00035090932573413324,return_to_launch
1761592132.4965773,49.867417097091675,0.03652194175926276,1.7554462071506747,20.626690593051137,-0.008645937985810438,-0.3964638656611014,0.052404615993643676,0.016757515729986388,-0.0007306831429612583,6.911898044830273e-05,0.44437812224284584,0.007975726698920077,0.0023723494336210507,-0.0003026316716426429,return_to_launch
1761592132.601442,49.97228193283081,0.03562801995623598,1.7146188291940598,20.632270310340143,-0.008507805766492463,-0.38786101310413756,0.04949552660209243,0.0087430893850058,-0.0005512291349257368,4.024425032414953e-05,0.4172299078381198,0.06145299018597533,0.0002307231828415755,-0.0002619386359460519,return_to_launch
1761592132.7056339,50.07647371292114,0.034759900090056875,1.674972711926071,20.63789451287315,-0.008346916034681337,-0.37888166341156704,0.05139800111360896,0.00024126675640315405,-0.00023371557472054934,1.86003663528567e-05,0.4236051478771633,0.09330462895443287,-0.001858172308044441,-0.00023714007774203337,return_to_launch
1761592132.8108695,50.18170928955078,0.03390227849078022,1.6358166600477526,20.643587625151998,-0.008152875043448788,-0.3694101836175904,0.0484360980487965,-0.005501023207590794,7.699711066242322e-05,1.5957077698385829e-06,0.4,0.09884435400792987,-0.003142990206378891,-0.00021857726410654552,return_to_launch
1761592132.9109929,50.281832695007324,0.033103575691902774,1.5993638603021656,20.648834874382857,-0.007908243672826965,-0.35860894554593337,0.0487768093867154,0.003179242468147152,0.00014425712885404808,-9.273588007343533e-06,0.4313272468359443,0.03987040538698356,-0.0027706201429199477,-0.00021012576117030175,return_to_launch
1761592133.0149932,50.38583302497864,0.03229492598670893,1.5625218924559117,20.654002632969434,-0.007706107106758521,-0.35065345288987326,0.04787392491999423,2.5694413840073692e-05,0.00027477229822976885,-2.7800157043173545e-05,0.4398181933028163,0.021237451795437536,-0.0019037731713914328,-0.0001770061464501954,return_to_launch
1761592133.1201117,50.49095153808594,0.03149350322764912,1.5260420688109968,20.659041338988988,-0.007497466722743402,-0.3424322715549659,0.04330372808168641,0.0019061882084560598,0.00018257706738475813,-4.6655977703394014e-05,0.4,-0.0012239873855750113,-0.0004891761090365923,-0.0001469664323129134,return_to_launch
1761592133.2280936,50.59893345832825,0.030688209277851864,1.4894221472579192,20.664312277548987,-0.00728429501608399,-0.33309642039653975,0.04817800592491962,0.0036264806817234057,3.088720736056744e-05,-6.015448017119384e-05,0.4,-0.029592755749123966,0.0009843139509847529,-0.0001313349302060892,return_to_launch
1761592133.3337138,50.70455360412598,0.029918567753036304,1.4544357456365633,20.669414291599708,-0.007111966726135516,-0.3252647837495073,0.05663648089856199,0.010455655987757991,-0.0002601551982575115,-6.798533227408717e-05,0.5028893125143389,-0.050532786970294515,0.002098405018561547,-0.00012533113142610064,return_to_launch
1761592133.4382412,50.809081077575684,0.029174505236145936,1.4206113861756708,20.674488479226515,-0.006978955928356142,-0.31858232855304985,0.054587642531859555,0.015036145251615849,-0.0004762994977366857,-7.296814511900512e-05,0.49421489433145166,-0.06307211407379568,0.002662334166328128,-0.0001221496517482574,return_to_launch
1761592133.5458016,50.91664147377014,0.028426192081625508,1.3865887256500868,20.67961565848211,-0.0068584358704886945,-0.3122233594431626,0.04861981094672747,0.017084790148509242,-0.0005622378965089742,-7.647862723538776e-05,0.4566736620356727,-0.057959999232897706,0.0023266744036925086,-0.00011935652228369088,return_to_launch
1761592133.650309,51.021148920059204,0.02771717761193062,1.3543341665371154,20.684549189135147,-0.006737905199575225,-0.30587448710571696,0.04589985267589657,0.013852009311744299,-0.00046258142269505164,-8.133041139534212e-05,0.44266134205771074,-0.031805556483888685,0.0011149910780183432,-0.00011081250018408279,return_to_launch
1761592133.7546573,51.12549710273743,0.02702603573871577,1.3228746849909068,20.68930764987709,-0.0066052078422793046,-0.2993285030593729,0.04164421220522193,0.008576587407184892,-0.00025796430964177274,-8.895123160580193e-05,0.422215840994462,0.01823671215403245,-0.000635560662244293,-9.542650197624725e-05,return_to_launch
1761592133.858682,51.22952175140381,0.02635438514307907,1.292300400552535,20.69402289100688,-0.006454943686580825,-0.2925014034368818,0.03974342585724618,0.004685980215471657,-7.064623865481145e-05,-9.700861388650172e-05,0.4,0.03390520764524512,-0.001479438223124195,-8.158849591957475e-05,return_to_launch
1761592133.9630315,51.333871364593506,0.025692518738119993,1.2621783307901242,20.698860824829715,-0.0062914884361450025,-0.2854159344099257,0.05268001680607918,0.0015201336221955433,7.512064515688209e-05,-0.00010450476231940003,0.497526951319093,0.043451100676352786,-0.0018367274925556597,-7.018269120228187e-05,return_to_launch
1761592134.0688622,51.43970203399658,0.02503779900864863,1.2323930964132939,20.703678933126493,-0.0061168510233197805,-0.2781460176300756,0.04634287878664601,0.00187984321306556,8.815206786523247e-05,-0.00011116846024079524,0.45860482719392026,0.027283592441917533,-0.0012941114348550267,-6.083111463900412e-05,return_to_launch
1761592134.1750228,51.545862674713135,0.024396253794082196,1.2032125334036827,20.70841488194095,-0.005953750770529379,-0.27131058478493514,0.04129317767604992,0.0031195589191108266,4.320630644295987e-05,-0.00011803086386629793,0.4,0.013590866121268065,-0.0006277649658006623,-4.997176557887808e-05,return_to_launch
1761592134.2800617,51.650901556015015,0.0237762226170902,1.1750206095646178,20.712967913217696,-0.005805107298528055,-0.2648571282973503,0.039685737951407264,0.003908281733416077,-2.9162657763345503e-05,-0.0001241681206037371,0.4277209342990948,0.00669260389523032,-1.0581173840947198e-05,-4.076841820783257e-05,return_to_launch
1761592134.3884683,51.759308099746704,0.02315151374232874,1.14662097578291,20.717753776785838,-0.005664900501274401,-0.2585032104596779,0.04661446461366075,0.005849038747849368,-0.00012557111999294092,-0.00012927909071473246,0.4,0.027935067817433504,-0.0001767294049246888,-3.3632807201113127e-05,return_to_launch
1761592134.4935338,51.86437368392944,0.022563326374656682,1.1198896156208518,20.722281110640576,-0.005524456405767918,-0.2517124587720014,0.048482309725647425,0.001774646645121448,-9.375861995306818e-05,-0.00013382291935396833,0.4890063804822988,0.0206545089941896,0.00014675266211320828,-2.6970242820771473e-05,return_to_launch
1761592134.5986738,51.96951365470886,0.02198710480096039,1.093713596852047,20.726868879359813,-0.005415296930634256,-0.24623418067504615,0.042020102349280525,0.0024237231513122032,-0.00013927955925031502,-0.00013834906520594753,0.4410630124521953,0.01904133599073788,0.00013570997310535815,-1.960169831325485e-05,return_to_launch
1761592134.707963,52.078802824020386,0.021401341733475684,1.0671139250382369,20.731453756588383,-0.005279480507383452,-0.23956117958216333,0.04036998749204291,0.004511527074685195,-0.00018666620815674089,-0.00014192425938279124,0.43422719812277877,-0.012858378442851016,0.0006684823344667604,-1.4608552213746475e-05,return_to_launch
1761592134.8139544,52.184794187545776,0.02084674913889007,1.0419391121593629,20.73592251521644,-0.005173562454082803,-0.2343106322449046,0.04867849714353374,0.0059115059497604795,-0.00019224232989024795,-0.00014422849756265543,0.4961535980400571,-0.007129107690174885,0.000260903385752646,-1.1834349481618975e-05,return_to_launch
1761592134.9186537,52.289493560791016,0.020311319430659256,1.0176399163247383,20.740430183649035,-0.005064361411778742,-0.22911923824533872,0.036395147753472495,0.006633567912447573,-0.00016291289168662932,-0.00014599199285852366,0.40260830119077856,-0.014736115734689671,0.0001150693054593906,-9.284622921552423e-06,return_to_launch
1761592135.023934,52.394773721694946,0.019784858686901528,0.9937538120708909,20.744719895187345,-0.004960437234991475,-0.22447906531790113,0.010948481595090983,0.006810787625245911,-0.00011973200684285603,-0.00014740240812481187,0.35000000000000003,-0.011270399407983014,-0.0001442470131948941,-6.953840658908059e-06,return_to_launch
1761592135.128946,52.49978590011597,0.01927048282896119,0.9704280181845951,20.73584453988968,-0.004845643292805156,-0.21967975507200305,-0.17995682767043036,0.007624314949330808,-0.00011635880375045303,-0.00014839413841070866,0.35000000000000003,-0.009136097755375968,-0.00010408823423431026,-5.212868540661858e-06,return_to_launch
1761592135.2362897,52.60712957382202,0.018756111791216057,0.9471063131286767,20.706070139808688,-0.004741233619840228,-0.2151503585533093,-0.37476134600246996,0.006511701532343499,-0.00010921921743875542,-0.00014911823935882004,0.35000000000000003,-0.001692339548431588,-4.1891310336285853e-05,-3.7286217568159815e-06,return_to_launch
1761592135.3420029,52.7128427028656,0.018260954560379683,0.9246600726144126,20.65633584310253,-0.004632581792501393,-0.21023773148383135,-0.5660298563619786,0.0041899072155369655,-8.802280392848715e-05,-0.00014960793515004467,0.35000000000000003,0.01084034989374472,-0.00014068494944346105,-2.5030148775665203e-06,return_to_launch
1761592135.4471383,52.81797814369202,0.017779616413508764,0.902842206714437,20.586860800836774,-0.004520847044309506,-0.2050252305096393,-0.7554189181263791,0.0037135243390822134,-9.662451172402551e-05,-0.00014990678132355045,0.35000000000000003,0.008808505402715822,-5.108685141695006e-05,-1.521326674342221e-06,return_to_launch
1761592135.5533245,52.92416429519653,0.01730473459083811,0.8813186519838537,20.496541441451555,-0.004416234848056147,-0.20012457972473033,-0.9455082783307065,0.004765459438847853,-0.0001205524968823927,-0.00015008737396175317,0.35000000000000003,-0.004964509398412177,0.00018913070299961395,-6.282964474251603e-07,return_to_launch
1761592135.657871,53.02871084213257,0.016848292654027062,0.8606327808539852,20.38797186130039,-0.004311889222198892,-0.1953068697362046,-1.1311770133813952,0.005490574230434741,-0.00012634199417547155,-0.00015013118407037503,0.35000000000000003,-0.009235195408886551,0.00019871127951922094,5.1608032931763564e-08,return_to_launch
1761592135.7644107,53.13525056838989,0.01639410045278151,0.8400525173136274,20.257457830286317,-0.0042149825067590435,-0.19089569721577007,-1.3185463614315502,0.0058873844447905775,-0.00012597507522782387,-0.00014997520319645806,0.35000000000000003,-0.010013460224563094,0.0001717002237643227,3.875225131908858e-07,return_to_launch
1761592135.8714714,53.242311239242554,0.015948919990603206,0.8198843272250086,20.10630674901871,-0.00410840529737747,-0.18608513197406812,-1.5047374210737916,0.004408752546113466,-8.953378109882154e-05,-0.00014970697136757065,0.35000000000000003,-0.0020805481455997143,9.212364405109792e-07,6.214878550853062e-07,return_to_launch
1761592135.9766638,53.347503662109375,0.01552245965351269,0.8005678920878513,19.93849600919177,-0.00400292568567527,-0.18131611305583867,-1.6853981119429249,0.0029359879226163064,-5.841242278053532e-05,-0.0001494812858813859,0.35000000000000003,0.007375707167072543,-0.000181495949259144,1.0680321403800259e-06,return_to_launch
1761592136.0815198,53.452359676361084,0.015107667925127764,0.7817833371665877,19.752440019982675,-0.0039037863291501193,-0.17681102882143232,-1.8629491848191377,0.003221609180254797,-6.873259714130069e-05,-0.00014921060541119992,0.35000000000000003,0.0037680923654823716,-7.426188315882393e-05,1.4064957781047667e-06,return_to_launch
1761592136.1861358,53.55697560310364,0.014704011497075687,0.7635056869763587,19.548398228410765,-0.0038084770898532943,-0.17245782228569045,-2.0373599690860815,0.0035194686107197742,-7.843243122623956e-05,-0.00014889981083243654,0.35000000000000003,-0.0050406380701428725,0.00013132695708820366,1.6662850758944484e-06,return_to_launch
1761592136.2903225,53.66116237640381,0.01431192423535801,0.7457542491429028,19.327209743125465,-0.003715784062270445,-0.16821639338366642,-2.2081318870631654,0.0030599181539400504,-6.889767930993953e-05,-0.00014858670215007734,0.35000000000000003,-0.004893815712479341,0.00012108028648617108,1.964654244587078e-06,return_to_launch
1761592136.3956847,53.76652455329895,0.013925029990027721,0.7282404981666966,19.08559630030551,-0.003623553674246573,-0.16400493802075125,-2.3776597808761872,0.003519741417924007,-7.786004019413994e-05,-0.00014822284810163354,0.35000000000000003,-0.006347947201209432,0.00014140512833367772,2.1479447115660847e-06,return_to_launch
1761592136.5011759,53.872015714645386,0.013547482971889686,0.7111526233250617,18.82596817483289,-0.0035340540866983343,-0.15992739392676628,-2.5440311589674978,0.002913712334501159,-6.311814431485324e-05,-0.00014782799320164433,0.35000000000000003,-0.0022489335389705794,4.363229866271265e-05,2.2975615100862696e-06,return_to_launch
1761592136.6110506,53.98189043998718,0.013167507294728148,0.6939579282466158,18.539830129320716,-0.003442378125123585,-0.15575623579242046,-2.7119800977826163,0.004769802162321397,-0.00010356120446907369,-0.00014733402911814826,0.35000000000000003,-0.0035131459378019985,7.088553499415352e-05,2.238699401637672e-06,return_to_launch
1761592136.7160544,54.086894273757935,0.012807673797072977,0.6776775527868916,18.243829703854427,-0.0033596411955972025,-0.15198760298315994,-2.8717070150080795,0.002586013073163568,-5.539369760046595e-05,-0.00014665992761779572,0.35000000000000003,0.0030651202228139628,-7.196975382725154e-05,1.8150475411685794e-06,return_to_launch
1761592136.8222113,54.19305109977722,0.012456124402086408,0.6617750008906534,17.930654235560635,-0.0032733520616861815,-0.14805922739783528,-3.0278727404336445,0.0012320420416658947,-2.5710881055840755e-05,-0.000146127465931631,0.35000000000000003,0.007802116468742891,-0.0001739581281273155,1.8902368206111286e-06,return_to_launch
1761592136.928544,54.299383878707886,0.012112697356810372,0.6462428611026445,17.600549951701428,-0.003187556608744108,-0.14415292069257876,-3.18034750227871,0.001373882922081198,-2.919003862192687e-05,-0.00014566684396662293,0.35000000000000003,0.005772751027673622,-0.0001269222398181664,2.0588801786628683e-06,return_to_launch
1761592137.0350838,54.40592360496521,0.011777247905578372,0.6310744724886316,17.253758695820117,-0.0031104666449566845,-0.14063739563635333,-3.32905271902449,0.001424395657054852,-3.06303525044589e-05,-0.00014525479169967483,0.35000000000000003,0.002753834568854645,-5.914323548070544e-05,2.294155131818376e-06,return_to_launch
1761592137.1395836,54.51042342185974,0.011456374247692918,0.6165680014362585,16.89842836812192,-0.0030318766614670038,-0.1370556475937615,-3.4708692116240694,0.0010033668346016598,-2.1384583173856547e-05,-0.00014484970749190185,0.35000000000000003,-2.0232944344279063e-05,1.7300534662883801e-06,2.4574530395610752e-06,return_to_launch
1761592137.2439508,54.61479067802429,0.011143658534167822,0.6024332339209418,16.528968087982143,-0.002957449559896957,-0.13366314750347574,-3.6084602827019197,0.0014943032064004182,-3.219177321638174e-05,-0.00014442289271920822,0.35000000000000003,-0.0038192552386912427,8.499586611481125e-05,2.5569626427189083e-06,return_to_launch
1761592137.3495362,54.72037601470947,0.010835025831333044,0.5884859743061723,16.140801262367056,-0.00288366764123065,-0.1303008046649909,-3.7435010682402265,0.002057550332137425,-4.463219693821184e-05,-0.0001439800563834405,0.35000000000000003,-0.007779902929183796,0.0001724258812672677,2.6401537992598616e-06,return_to_launch
1761592137.4580429,54.828882694244385,0.010525857948683805,0.57451761766439,15.727279787139153,-0.00280662318222288,-0.1267920252825219,-3.877827259498573,0.002394369521634083,-5.211029552318588e-05,-0.0001433512021451492,0.35000000000000003,-0.007859446553733062,0.00017456294452933697,2.2912657550758115e-06,return_to_launch
1761592137.5620499,54.93288969993591,0.01023710902865379,0.5614747507847557,15.317443349989448,-0.00274217776557091,-0.12385110695530768,-4.002433575617752,0.0024116499986452144,-5.2645703983436854e-05,-0.00014275382369087874,0.35000000000000003,-0.007154844366410512,0.00015921288203245239,2.09962522362454e-06,return_to_launch
1761592137.66833,55.039169788360596,0.009949051944603937,0.5484661899415431,14.885482891671938,-0.002684258972567641,-0.12120246064252323,-4.125559481852229,0.0017706720932390509,-3.846094662027268e-05,-0.00014221380303779162,0.35000000000000003,0.006601091464326268,-0.00014641223816783103,2.131507851912722e-06,return_to_launch
1761592137.7723691,55.1432089805603,0.00967408830660785,0.536051792687359,14.450173332337247,-0.002615437932388937,-0.11806676539907993,-4.241953592529859,-2.0558259508067164e-05,1.465399170114389e-06,-0.0001416171214189091,0.35000000000000003,0.01064680602188819,-0.00023762164497228642,1.9066003016379245e-06,return_to_launch
1761592137.8768,55.247639894485474,0.009404602907624295,0.523887749884959,14.001255585435645,-0.002549533832696878,-0.11506572851130366,-4.35478290177389,-0.00048172711114987423,1.1887684035829962e-05,-0.0001411121723959132,0.35000000000000003,0.0045481811878634775,-0.00010253788714972613,1.9759215439055984e-06,return_to_launch
1761592137.9811459,55.351985692977905,0.00914167966375137,0.5120229548962504,13.541147775368405,-0.0024872671848706496,-0.1122293096578785,-4.463459576141462,-0.00064122465016351,1.5367151177427355e-05,-0.0001406163211840788,0.35000000000000003,0.003225359921747225,-7.175172419089689e-05,2.0035472412677887e-06,return_to_launch
1761592138.0888872,55.4597270488739,0.008876487568737296,0.5000590177199294,13.054391222463906,-0.002423866004960492,-0.10934097094171859,-4.5714979909085045,0.0009327669313793006,-1.97577656145077e-05,-0.0001400534005115247,0.35000000000000003,-0.0011316543583377338,2.646271724292792e-05,1.8534464520360292e-06,return_to_launch
1761592138.1957228,55.56656265258789,0.008621947212875451,0.4885786470496564,12.563404726750834,-0.0023661998090905552,-0.1067086543270023,-4.673971800545918,0.001000775642430084,-2.1574035252656094e-05,-0.00013960966648911635,0.35000000000000003,-0.001767892920938517,4.1320622667382516e-05,2.0317362979273353e-06,return_to_launch
1761592138.3004534,55.67129325866699,0.008375492045675755,0.47746598709146937,12.06575999665108,-0.0023132098735639947,-0.10428705746660487,-4.771700466548387,0.0006859929569335344,-1.4652890621707902e-05,-0.00013924006934541518,0.35000000000000003,0.003241894723808298,-7.071851547795292e-05,2.3076986446595974e-06,return_to_launch
1761592138.4067478,55.77758765220642,0.008132719462068203,0.46652245793260794,11.553488243814781,-0.0022568465844744687,-0.10171583232853511,-4.866388570885414,0.0006226282052890986,-1.3082439186750789e-05,-0.0001388548840747527,0.35000000000000003,0.0018763840911824572,-4.18657729448562e-05,2.4782766328833605e-06,return_to_launch
1761592138.511318,55.88215780258179,0.007899633207252017,0.4560186080648553,11.039902766668973,-0.002205350080286294,-0.09936540050357981,-4.955790354963077,0.00019805210352427132,-3.4939211099798455e-06,-0.00013844729458578167,0.35000000000000003,0.005271620755049874,-0.0001182043108442816,2.56314988612523e-06,return_to_launch
1761592138.616688,55.98752784729004,0.0076702330185233905,0.4456839540361098,10.51312594097974,-0.002152323591008069,-0.09694806131164724,-5.042204990571383,-0.0001806657034604097,5.028762963463551e-06,-0.0001380129580800538,0.35000000000000003,0.00557897323294971,-0.00012516742617611708,2.611180139828548e-06,return_to_launch
1761592138.7223012,56.093141078948975,0.007445716037949041,0.43557240709943235,9.976187523665521,-0.0021008214580569506,-0.09460013802062343,-5.125217282188316,-0.00028539848835882915,7.3346771655155e-06,-0.00013756375459796246,0.35000000000000003,0.00216947927759495,-4.874492644902667e-05,2.6498776656848096e-06,return_to_launch
1761592138.8280065,56.19884634017944,0.007226254650929277,0.4256916747557209,9.430189886523026,-0.0020494364866893307,-0.09225807358928129,-5.204769815726494,-0.0003579529783683038,8.84933474017909e-06,-0.00013710480664996265,0.35000000000000003,-0.00024947592436222357,5.926570914185143e-06,2.675028419648971e-06,return_to_launch
1761592138.9354486,56.30628848075867,0.007008412847536565,0.4158870681463283,8.866792830375429,-0.0019964160921405487,-0.08984291285295617,-5.282095389770861,0.001457547498577431,-3.164062038787682e-05,-0.0001365838557089639,0.35000000000000003,-0.008148744076601842,0.00018225514601794213,2.561763459751821e-06,return_to_launch
1761592139.0389915,56.409831285476685,0.006803832315895236,0.4066822875069476,8.316152762538108,-0.0019556891021013565,-0.08797833668899163,-5.353376922046531,0.0010659854890003547,-2.314878223713507e-05,-0.0001360540126587201,0.35000000000000003,-0.0033459052130114285,7.559166960373767e-05,2.430767537889805e-06,return_to_launch
1761592139.147777,56.518616914749146,0.00659367857487479,0.3972299880712457,7.729860120386741,-0.0019116496272463194,-0.08596509283749777,-5.424933789131908,0.0005469484739970064,-1.1578177885919875e-05,-0.00013551775347455628,0.35000000000000003,0.005021809681819502,-0.00011139271952703822,2.380365924424793e-06,return_to_launch
1761592139.2525547,56.62339448928833,0.006396370427532636,0.38835843290750705,7.157974949857569,-0.0018648639317091376,-0.08383142098134318,-5.4907309890226355,-0.0011451579643415848,2.633178638503118e-05,-0.00013502135348878832,0.35000000000000003,0.010742306858721065,-0.00024037996630599687,2.3653490290396334e-06,return_to_launch
1761592139.359728,56.730567932128906,0.006199006077592391,0.3794876013633411,6.566044019699103,-0.001819504239963443,-0.08176443607642445,-5.55499316036543,-0.0010000448928354827,2.330294118419566e-05,-0.0001345110235918798,0.35000000000000003,0.0015989920548737137,-3.709475582575772e-05,2.337993555490704e-06,return_to_launch
1761592139.4640374,56.834877252578735,0.006011301839904128,0.37105406965230114,5.983471480406807,-0.001776956271279762,-0.07982549994102155,-5.614649162703631,-0.0008599849345457966,2.015761268209766e-05,-0.0001340244740077375,0.35000000000000003,0.0029220364415011523,-6.552315797160216e-05,2.3077157356970937e-06,return_to_launch
1761592139.571481,56.942320823669434,0.005822285654739251,0.36256480451525275,5.3770396572718395,-0.0017355449133090036,-0.07793619294724928,-5.67324310146767,-0.00048793495753799327,1.1719434801512664e-05,-0.00013353642659008974,0.35000000000000003,0.0031462086089345197,-6.923341004794904e-05,2.326155552762049e-06,return_to_launch
1761592139.6754308,57.04627060890198,0.00564385954466708,0.35455417334167516,4.784476565334659,-0.0016935545534799105,-0.07602171521102018,-5.7272827038179015,-0.0005665549768292182,1.3289213077919098e-05,-0.00013302892334510728,0.35000000000000003,-0.0012277925432909338,2.8858107070494937e-05,2.2103360191394747e-06,return_to_launch
1761592139.7786908,57.14953064918518,0.005470447707256328,0.3467716696142205,4.1904123001722455,-0.0016586151834701909,-0.07442344428604322,-5.778491586838033,0.0002254430633567394,-4.4584808617185005e-06,-0.00013258035444078318,0.35000000000000003,-0.004085693588077034,9.244888966371395e-05,2.273253639004709e-06,return_to_launch
1761592139.8854373,57.256277084350586,0.0052950877379388675,0.338904846203974,3.5708650386505596,-0.0016232941872445009,-0.07280768806790117,-5.828923956403649,0.0005163921197845339,-1.0951726208341206e-05,-0.0001321374902082564,0.35000000000000003,-0.003827307817423186,8.615690492543987e-05,2.3490838343003974e-06,return_to_launch
1761592139.990408,57.36124777793884,0.0051266448830491985,0.3313513489979644,2.956500363557304,-0.0015875754643776253,-0.07117565727620116,-5.876140565612179,0.00016046505583298853,-2.915518756868127e-06,-0.00013172420205303668,0.35000000000000003,0.0007028039493917607,-1.5865900726783376e-05,2.446702873536908e-06,return_to_launch
1761592140.0949275,57.46576738357544,0.0049627197843430315,0.3240034377640451,2.3399701501194277,-0.0015523490271268814,-0.06956760077088986,-5.920900000691209,-0.0003549951107523919,8.730516199772879e-06,-0.00013132178585416467,0.35000000000000003,0.00010881529177421293,-3.319353355355096e-06,2.557161431489387e-06,return_to_launch
1761592140.2020555,57.57289528846741,0.004798325739726649,0.3166376681049522,1.703487071019453,-0.0015171033116374703,-0.06795913139008197,-5.9534460711179165,-0.0002099576299328122,5.562902571167779e-06,-0.00013090853101892266,0.37357553834653645,0.002750902671186937,-6.234983089813318e-05,2.6311039047150985e-06,return_to_launch
1761592140.3079586,57.67879843711853,0.004639566477867036,0.30952758946233866,1.075873913416483,-0.0014828950825324413,-0.0663958835419356,-5.877762615662048,-0.0004881836528514705,1.1715483570689638e-05,-0.00013047738894581936,0.4359646318793039,0.00011462291447048375,-3.0539986681149463e-06,2.666791564890993e-06,return_to_launch
1761592140.4191546,57.78999447822571,0.004477274582735874,0.3022629432807131,0.43605831796193795,-0.0014437047252408423,-0.06460934804940673,-5.660383409043251,0.0016216083366021776,-3.550907372766221e-05,-0.00012994688351572356,0.5003794137423551,-0.0045797870588661395,0.00010202895586375357,2.4954574542945524e-06,return_to_launch
1761592140.522194,57.89303374290466,0.0043582707680047865,0.296938361005819,-0.0,0.0,0.0,-0.0,-0.0009174244845720189,2.0981579466176693e-05,-0.00012942980234393218,0.0,0.0,0.0,0.0,manual
1761592140.6248538,57.99569368362427,0.004358240041973818,0.29693702507406095,-0.0,0.0,0.0,-0.0,-0.0009171554239432342,2.097554546280505e-05,-0.00012942975760888597,0.0,0.0,0.0,0.0,manual
1761592140.7251277,58.095967531204224,0.004358206207060124,0.29693555397233967,-0.0,0.0,0.0,-0.0,-0.0009171554239432311,2.0975545462804978e-05,-0.00012942975760888597,0.0,0.0,0.0,0.0,manual
1761592140.8300068,58.200846672058105,0.004358174114979811,0.29693415864693645,-0.0,0.0,0.0,-0.0,-0.0009171554239432311,2.0975545462804978e-05,-0.00012942975760888597,0.0,0.0,0.0,0.0,manual
1761592140.9337265,58.304566383361816,0.004358142736486364,0.2969327943474397,-0.0,0.0,0.0,-0.0,-0.0009171554239432311,2.0975545462804978e-05,-0.00012942975760888597,0.0,0.0,0.0,0.0,manual
1761592141.037701,58.40854072570801,0.004358111213502075,0.2969314237656533,-0.0,0.0,0.0,-0.0,-0.0009171554239432311,2.0975545462804978e-05,-0.00012942975760888597,0.0,0.0,0.0,0.0,manual
1761592141.1463175,58.517157316207886,0.004358076204645555,0.296929901622297,-0.0,0.0,0.0,-0.0,-0.0009171554239432311,2.0975545462804978e-05,-0.00012942975760888597,0.0,0.0,0.0,0.0,manual
1761592141.250964,58.621803760528564,0.004358044245656596,0.29692851208354726,-0.0,0.0,0.0,-0.0,-0.0009171554239432311,2.0975545462804978e-05,-0.00012942975760888597,0.0,0.0,0.0,0.0,manual
1761592141.3558528,58.72669267654419,0.0043580121517836756,0.29692711668020366,-0.0,0.0,0.0,-0.0,-0.0009171554239432311,2.0975545462804978e-05,-0.00012942975760888597,0.0,0.0,0.0,0.0,manual
1761592141.4611363,58.83197617530823,0.0043579798082247455,0.29692571042081006,-0.0,0.0,0.0,-0.0,-0.0009171554239432311,2.0975545462804978e-05,-0.00012942975760888597,0.0,0.0,0.0,0.0,manual
1761592141.565397,58.93623685836792,0.004357948097226857,0.29692433166441645,-0.0,0.0,0.0,-0.0,-0.0009171554239432311,2.0975545462804978e-05,-0.00012942975760888597,0.0,0.0,0.0,0.0,manual
1761592141.6700554,59.040895223617554,0.004357916131714748,0.29692294184204787,-0.0,0.0,0.0,-0.0,-0.0009171554239432311,2.0975545462804978e-05,-0.00012942975760888597,0.0,0.0,0.0,0.0,manual
1761592141.7741892,59.145029067993164,0.0043578844632521894,0.2969215649350397,-0.0,0.0,0.0,-0.0,-0.0009171554239432311,2.0975545462804978e-05,-0.00012942975760888597,0.0,0.0,0.0,0.0,manual
1761592141.8806117,59.25145149230957,0.004357851929439204,0.29692015040362635,-0.0,0.0,0.0,-0.0,-0.0009171554239432311,2.0975545462804978e-05,-0.00012942975760888597,0.0,0.0,0.0,0.0,manual
1761592141.9841962,59.35503602027893,0.004357820025989502,0.2969187632796574,-0.0,0.0,0.0,-0.0,-0.0009171554239432311,2.0975545462804978e-05,-0.00012942975760888597,0.0,0.0,0.0,0.0,manual
1761592142.0884244,59.459264278411865,0.004357788342323625,0.2969173857116271,-0.0,0.0,0.0,-0.0,-0.0009171554239432311,2.0975545462804978e-05,-0.00012942975760888597,0.0,0.0,0.0,0.0,manual
1761592142.1907723,59.561612129211426,0.004357753487325639,0.2969158702578566,-0.0,0.0,0.0,-0.0,-0.0009171554239432311,2.0975545462804978e-05,-0.00012942975760888597,0.0,0.0,0.0,0.0,manual
1761592142.2932427,59.664082527160645,0.00435772286678386,0.2969145389131952,-0.0,0.0,0.0,-0.0,-0.0009171554239432311,2.0975545462804978e-05,-0.00012942975760888597,0.0,0.0,0.0,0.0,manual
1761592142.3955455,59.766385316848755,0.004357692354617346,0.296913212280561,-0.0,0.0,0.0,-0.0,-0.0009171554239432311,2.0975545462804978e-05,-0.00012942975760888597,0.0,0.0,0.0,0.0,manual
1761592142.5000036,59.87084341049194,0.00435766051931262,0.29691182811945427,-0.0,0.0,0.0,-0.0,-0.0009171554239432311,2.0975545462804978e-05,-0.00012942975760888597,0.0,0.0,0.0,0.0,manual
1761592142.6068714,59.97771120071411,0.004357627206106418,0.2969103797009529,-0.0,0.0,0.0,-0.0,-0.0009171554239432311,2.0975545462804978e-05,-0.00012942975760888597,0.0,0.0,0.0,0.0,manual
1761592142.7140362,60.08487606048584,0.004357593708649412,0.29690892327144613,-0.0,0.0,0.0,-0.0,-0.0009171554239432311,2.0975545462804978e-05,-0.00012942975760888597,0.0,0.0,0.0,0.0,manual
1761592142.8187296,60.1895694732666,0.004357561742905641,0.2969075334390053,-0.0,0.0,0.0,-0.0,-0.0009171554239432311,2.0975545462804978e-05,-0.00012942975760888597,0.0,0.0,0.0,0.0,manual
